,ResponseId,PGuess,PConf,MinAge,Radius_x,SexMale,LifeEvalQ,Score,Question ID,Min Age,Radius_y,Best Age,MAS
0,R_13ZDv856Y2hMQiv,80,89,1,5,0,409,0.28093327556110964,409.0,1.0,5.0,88.0,0.365738707453781
1,R_13ZDv856Y2hMQiv,80,72,60,5,0,645,0.33530162705920274,645.0,60.0,5.0,88.0,0.403326466734683
2,R_13ZDv856Y2hMQiv,85,73,10,10,0,446,0.5565206969346398,446.0,10.0,10.0,87.0,0.6340984698190886
3,R_13ZDv856Y2hMQiv,75,50,70,10,0,686,0.5369211336010429,686.0,70.0,10.0,87.0,0.7786377430240639
4,R_13ZDv856Y2hMQiv,90,100,1,1,1,4,0.05822132465274618,4.0,1.0,1.0,86.0,0.0654267493111091
5,R_13ZDv856Y2hMQiv,90,39,20,1,1,80,0.05863160751274975,80.0,20.0,1.0,86.0,0.0658878084503197
6,R_13ZDv856Y2hMQiv,80,100,1,5,1,5,0.28093327556110964,5.0,1.0,5.0,85.0,0.3140098137844954
7,R_13ZDv856Y2hMQiv,80,36,60,5,1,241,0.33530162705920274,241.0,60.0,5.0,85.0,0.3747793893913287
8,R_13ZDv856Y2hMQiv,80,28,70,5,1,281,0.39982661165233735,281.0,70.0,5.0,85.0,0.4469014203471465
9,R_13ZDv856Y2hMQiv,80,58,10,10,1,42,0.5376241520807443,42.0,10.0,10.0,84.0,0.560469111206575
10,R_17098YR3eLjW1Fv,75,85,50,1,0,604,0.04805177405550323,604.0,50.0,1.0,89.0,0.0815972855182383
11,R_17098YR3eLjW1Fv,80,90,1,10,0,410,0.5365900785245092,410.0,1.0,10.0,87.0,0.6331042395344093
12,R_17098YR3eLjW1Fv,75,75,40,10,0,566,0.4776613188122614,566.0,40.0,10.0,87.0,0.6484811618435852
13,R_17098YR3eLjW1Fv,76,85,30,20,0,527,0.8571458348214254,527.0,30.0,20.0,81.0,0.8949506732529696
14,R_17098YR3eLjW1Fv,95,30,90,20,0,767,0.9999999355379333,767.0,90.0,20.0,99.0,0.999999999973863
15,R_17098YR3eLjW1Fv,75,86,20,5,1,81,0.22414877710455638,81.0,20.0,5.0,85.0,0.3162226257608132
16,R_17098YR3eLjW1Fv,70,90,50,5,1,201,0.18944856964379775,201.0,50.0,5.0,85.0,0.3449906874421074
17,R_17098YR3eLjW1Fv,102,5,100,5,1,401,0.9872164870811921,401.0,100.0,5.0,105.0,0.9991140836709028
18,R_17098YR3eLjW1Fv,85,65,70,10,1,282,0.7905215284808018,282.0,70.0,10.0,84.0,0.796130136574837
19,R_17098YR3eLjW1Fv,95,30,90,20,1,363,0.9999999355379333,363.0,90.0,20.0,99.0,0.999999999994631
20,R_1CekariatiC78jb,85,5,40,1,0,564,0.06855515173804894,564.0,40.0,1.0,89.0,0.0796799362815757
21,R_1CekariatiC78jb,90,2,50,1,0,604,0.06396556392191582,604.0,50.0,1.0,89.0,0.0815972855182383
22,R_1CekariatiC78jb,88,2,70,1,0,684,0.09088594500726191,684.0,70.0,1.0,89.0,0.0956724873459808
23,R_1CekariatiC78jb,88,70,60,5,0,645,0.3591995500006591,645.0,60.0,5.0,88.0,0.403326466734683
24,R_1CekariatiC78jb,96,75,90,5,0,765,0.8041318437853697,765.0,90.0,5.0,95.0,0.9207666691135774
25,R_1CekariatiC78jb,105,100,100,5,0,805,0.9991140836709028,805.0,100.0,5.0,105.0,0.9980647641991368
26,R_1CekariatiC78jb,95,100,80,20,0,727,0.9999999777031359,727.0,80.0,20.0,99.0,0.9999999999882904
27,R_1CekariatiC78jb,85,20,10,1,1,40,0.06519404850497834,40.0,10.0,1.0,86.0,0.065552834518497
28,R_1CekariatiC78jb,88,36,1,5,1,5,0.3009562078383364,5.0,1.0,5.0,85.0,0.3140098137844954
29,R_1CekariatiC78jb,90,100,80,20,1,323,0.99998681490436,323.0,80.0,20.0,99.0,0.999999999998143
30,R_1Ecf66cdnsTvrRx,78,60,20,1,0,484,0.05230619113872112,484.0,20.0,1.0,89.0,0.0781002665681571
31,R_1Ecf66cdnsTvrRx,80,80,70,5,0,685,0.39982661165233735,685.0,70.0,5.0,88.0,0.449812122436234
32,R_1Ecf66cdnsTvrRx,78,100,20,10,0,486,0.5110876774318034,486.0,20.0,10.0,87.0,0.6356249009215531
33,R_1Ecf66cdnsTvrRx,84,100,80,10,0,726,0.8579989304562781,726.0,80.0,10.0,90.0,0.9645024187657324
34,R_1Ecf66cdnsTvrRx,78,100,20,20,0,487,0.8453369968562461,487.0,20.0,20.0,81.0,0.8888194751005897
35,R_1Ecf66cdnsTvrRx,76,50,20,1,1,80,0.04682479822025831,80.0,20.0,1.0,86.0,0.0658878084503197
36,R_1Ecf66cdnsTvrRx,78,70,60,5,1,241,0.30809016875748146,241.0,60.0,5.0,85.0,0.3747793893913287
37,R_1Ecf66cdnsTvrRx,78,100,70,5,1,281,0.3673786176884576,281.0,70.0,5.0,85.0,0.4469014203471465
38,R_1Ecf66cdnsTvrRx,104,100,100,5,1,401,0.9976837819906265,401.0,100.0,5.0,105.0,0.9991140836709028
39,R_1Ecf66cdnsTvrRx,76,100,20,10,1,82,0.47546740465353976,82.0,20.0,10.0,84.0,0.5633330993655171
40,R_1Gm2SV8xBLvu8eJ,78,21,10,1,0,444,0.05204026621396632,444.0,10.0,1.0,89.0,0.0779127114931001
41,R_1Gm2SV8xBLvu8eJ,55,21,20,1,0,484,0.014260868751548871,484.0,20.0,1.0,89.0,0.0781002665681571
42,R_1Gm2SV8xBLvu8eJ,80,37,40,1,0,564,0.05998616477928486,564.0,40.0,1.0,89.0,0.0796799362815757
43,R_1Gm2SV8xBLvu8eJ,80,56,10,5,0,445,0.28147466773914454,445.0,10.0,5.0,88.0,0.366313065476557
44,R_1Gm2SV8xBLvu8eJ,65,61,30,5,0,525,0.1385630332897847,525.0,30.0,5.0,88.0,0.3697278315749148
45,R_1Gm2SV8xBLvu8eJ,82,84,50,10,0,606,0.6096916591531414,606.0,50.0,10.0,87.0,0.6640856529949967
46,R_1Gm2SV8xBLvu8eJ,102,87,100,10,0,806,0.999900574448193,806.0,100.0,10.0,109.0,0.9999999996701264
47,R_1Gm2SV8xBLvu8eJ,67,45,20,5,1,81,0.15048303146865644,81.0,20.0,5.0,85.0,0.3162226257608132
48,R_1Gm2SV8xBLvu8eJ,75,65,60,5,1,241,0.2656556962486296,241.0,60.0,5.0,85.0,0.3747793893913287
49,R_1Gm2SV8xBLvu8eJ,88,74,80,10,1,322,0.963836958241676,322.0,80.0,10.0,90.0,0.9851169967105784
50,R_1GoDHSzJmzS0dIG,75,50,1,1,0,408,0.0437366258638945,408.0,1.0,1.0,89.0,0.0777905487991102
51,R_1GoDHSzJmzS0dIG,85,60,40,1,0,564,0.06855515173804894,564.0,40.0,1.0,89.0,0.0796799362815757
52,R_1GoDHSzJmzS0dIG,85,60,70,5,0,685,0.4469014203471465,685.0,70.0,5.0,88.0,0.449812122436234
53,R_1GoDHSzJmzS0dIG,75,50,20,20,0,487,0.835521634287536,487.0,20.0,20.0,81.0,0.8888194751005897
54,R_1GoDHSzJmzS0dIG,75,50,40,1,1,160,0.0460801148683877,160.0,40.0,1.0,86.0,0.0689324350969184
55,R_1GoDHSzJmzS0dIG,75,50,10,5,1,41,0.22300920365468835,41.0,10.0,5.0,85.0,0.3146149484260559
56,R_1GoDHSzJmzS0dIG,75,50,40,5,1,161,0.23450652545931655,161.0,40.0,5.0,85.0,0.330835038213031
57,R_1GoDHSzJmzS0dIG,80,20,70,5,1,281,0.39982661165233735,281.0,70.0,5.0,85.0,0.4469014203471465
58,R_1GoDHSzJmzS0dIG,85,20,70,10,1,282,0.7905215284808018,282.0,70.0,10.0,84.0,0.796130136574837
59,R_1GoDHSzJmzS0dIG,85,20,80,20,1,323,0.9991711215472078,323.0,80.0,20.0,99.0,0.999999999998143
60,R_1Hjh2PFuuNah6pS,78,15,50,5,0,605,0.28360214601560374,605.0,50.0,5.0,88.0,0.3836363953961324
61,R_1Hjh2PFuuNah6pS,96,90,90,10,0,766,0.9988210696702059,766.0,90.0,10.0,100.0,0.999846664821447
62,R_1Hjh2PFuuNah6pS,105,100,100,20,0,807,0.9999999998752214,807.0,100.0,20.0,100.0,0.9999999996701264
63,R_1Hjh2PFuuNah6pS,80,65,1,1,1,4,0.05693545802684984,4.0,1.0,1.0,86.0,0.0654267493111091
64,R_1Hjh2PFuuNah6pS,86,20,70,1,1,280,0.09311590247271144,280.0,70.0,1.0,86.0,0.0931159024727114
65,R_1Hjh2PFuuNah6pS,86,80,10,5,1,41,0.31367180264900835,41.0,10.0,5.0,85.0,0.3146149484260559
66,R_1Hjh2PFuuNah6pS,75,80,50,5,1,201,0.2445405053372096,201.0,50.0,5.0,85.0,0.3449906874421074
67,R_1Hjh2PFuuNah6pS,90,100,80,5,1,321,0.5718419222058815,321.0,80.0,5.0,85.0,0.6541087591371295
68,R_1Hjh2PFuuNah6pS,102,85,100,10,1,402,0.999900574448193,402.0,100.0,10.0,109.0,0.9999999998752214
69,R_1Hjh2PFuuNah6pS,80,100,60,20,1,243,0.991472606340761,243.0,60.0,20.0,80.0,0.991472606340761
70,R_1OJzYQBwNUZmrXO,78,16,20,1,0,484,0.05230619113872112,484.0,20.0,1.0,89.0,0.0781002665681571
71,R_1OJzYQBwNUZmrXO,76,15,30,1,0,524,0.04764856680504842,524.0,30.0,1.0,89.0,0.0786390128754754
72,R_1OJzYQBwNUZmrXO,88,16,70,1,0,684,0.09088594500726191,684.0,70.0,1.0,89.0,0.0956724873459808
73,R_1OJzYQBwNUZmrXO,95,80,90,1,0,764,0.18920807900484432,764.0,90.0,1.0,91.0,0.26639177806
74,R_1OJzYQBwNUZmrXO,75,80,1,10,0,410,0.45336897380172003,410.0,1.0,10.0,87.0,0.6331042395344093
75,R_1OJzYQBwNUZmrXO,78,60,40,10,0,566,0.5347046590564148,566.0,40.0,10.0,87.0,0.6484811618435852
76,R_1OJzYQBwNUZmrXO,68,50,20,20,0,487,0.6969146099604551,487.0,20.0,20.0,81.0,0.8888194751005897
77,R_1OJzYQBwNUZmrXO,72,76,20,10,1,82,0.39840022686402576,82.0,20.0,10.0,84.0,0.5633330993655171
78,R_1OJzYQBwNUZmrXO,75,75,50,10,1,202,0.49809931750770325,202.0,50.0,10.0,84.0,0.6145818084377129
79,R_1OJzYQBwNUZmrXO,80,96,70,20,1,283,0.9898316064168782,283.0,70.0,20.0,90.0,0.999990991654084
80,R_1OOFOwDORN4C3hT,82,62,30,1,0,524,0.06287667359643992,524.0,30.0,1.0,89.0,0.0786390128754754
81,R_1OOFOwDORN4C3hT,82,70,30,5,0,525,0.30728854336457184,525.0,30.0,5.0,88.0,0.3697278315749148
82,R_1OOFOwDORN4C3hT,84,70,40,5,0,565,0.3284885024782464,565.0,40.0,5.0,88.0,0.3746218191734422
83,R_1OOFOwDORN4C3hT,82,59,60,5,0,645,0.35789464461066356,645.0,60.0,5.0,88.0,0.403326466734683
84,R_1OOFOwDORN4C3hT,86,51,80,5,0,725,0.6521478862765221,725.0,80.0,5.0,88.0,0.585821694621981
85,R_1OOFOwDORN4C3hT,92,51,50,20,0,607,0.7326910554068866,607.0,50.0,20.0,81.0,0.928617272012275
86,R_1OOFOwDORN4C3hT,102,68,100,5,1,401,0.9872164870811921,401.0,100.0,5.0,105.0,0.9991140836709028
87,R_1OOFOwDORN4C3hT,72,81,30,10,1,122,0.40540911112061273,122.0,30.0,10.0,84.0,0.5732435768831542
88,R_1OOFOwDORN4C3hT,92,50,70,10,1,282,0.5951423938186259,282.0,70.0,10.0,84.0,0.796130136574837
89,R_1OOFOwDORN4C3hT,94,49,70,20,1,283,0.8931483032838833,283.0,70.0,20.0,90.0,0.999990991654084
90,R_1aAHrjSeQ7GZrCp,80,1,20,1,0,484,0.05733667944690846,484.0,20.0,1.0,89.0,0.0781002665681571
91,R_1aAHrjSeQ7GZrCp,80,22,40,5,0,565,0.2959861981235978,565.0,40.0,5.0,88.0,0.3746218191734422
92,R_1aAHrjSeQ7GZrCp,80,30,60,5,0,645,0.33530162705920274,645.0,60.0,5.0,88.0,0.403326466734683
93,R_1aAHrjSeQ7GZrCp,80,95,60,20,0,647,0.991472606340761,647.0,60.0,20.0,81.0,0.9762783921550912
94,R_1aAHrjSeQ7GZrCp,75,5,10,5,1,41,0.22300920365468835,41.0,10.0,5.0,85.0,0.3146149484260559
95,R_1aAHrjSeQ7GZrCp,78,15,20,5,1,81,0.2599531481541952,81.0,20.0,5.0,85.0,0.3162226257608132
96,R_1aAHrjSeQ7GZrCp,78,20,40,5,1,161,0.271965389877704,161.0,40.0,5.0,85.0,0.330835038213031
97,R_1aAHrjSeQ7GZrCp,106,95,100,5,1,401,0.6077615047313588,401.0,100.0,5.0,105.0,0.9991140836709028
98,R_1aAHrjSeQ7GZrCp,78,80,20,20,1,83,0.8453369968562461,83.0,20.0,20.0,77.0,0.8455039260008776
99,R_1aAHrjSeQ7GZrCp,78,60,50,20,1,203,0.9222407503701858,203.0,50.0,20.0,77.0,0.9224228657397676
100,R_1dKUJ3AA1JKTnsG,80,66,20,1,0,484,0.05733667944690846,484.0,20.0,1.0,89.0,0.0781002665681571
101,R_1dKUJ3AA1JKTnsG,85,83,1,5,0,409,0.3140098137844954,409.0,1.0,5.0,88.0,0.365738707453781
102,R_1dKUJ3AA1JKTnsG,81,81,70,5,0,685,0.41437417632712614,685.0,70.0,5.0,88.0,0.449812122436234
103,R_1dKUJ3AA1JKTnsG,83,62,40,10,0,566,0.5890473858849293,566.0,40.0,10.0,87.0,0.6484811618435852
104,R_1dKUJ3AA1JKTnsG,78,57,40,1,1,160,0.05472322134610942,160.0,40.0,1.0,86.0,0.0689324350969184
105,R_1dKUJ3AA1JKTnsG,104,91,100,5,1,401,0.9976837819906265,401.0,100.0,5.0,105.0,0.9991140836709028
106,R_1dKUJ3AA1JKTnsG,85,83,80,10,1,322,0.8940549900284027,322.0,80.0,10.0,90.0,0.9851169967105784
107,R_1dKUJ3AA1JKTnsG,82,65,80,20,1,323,0.9947032981243892,323.0,80.0,20.0,99.0,0.999999999998143
108,R_1dKUJ3AA1JKTnsG,95,75,90,20,1,363,0.9999999355379333,363.0,90.0,20.0,99.0,0.999999999994631
109,R_1dKUJ3AA1JKTnsG,101,70,100,20,1,403,0.9999999998752214,403.0,100.0,20.0,100.0,0.9999999998752214
110,R_1inEz8mw40Y5s0U,68,0,30,1,0,524,0.031788613296463944,524.0,30.0,1.0,89.0,0.0786390128754754
111,R_1inEz8mw40Y5s0U,73,30,40,1,0,564,0.04144245832056635,564.0,40.0,1.0,89.0,0.0796799362815757
112,R_1inEz8mw40Y5s0U,88,4,80,1,0,724,0.1330255174967359,724.0,80.0,1.0,89.0,0.1246009519756057
113,R_1inEz8mw40Y5s0U,71,100,40,5,0,565,0.1906828377243251,565.0,40.0,5.0,88.0,0.3746218191734422
114,R_1inEz8mw40Y5s0U,89,58,70,5,0,685,0.41211588207962535,685.0,70.0,5.0,88.0,0.449812122436234
115,R_1inEz8mw40Y5s0U,99,71,90,10,0,766,0.9999003378051248,766.0,90.0,10.0,100.0,0.999846664821447
116,R_1inEz8mw40Y5s0U,65,100,10,20,0,447,0.6076916080213559,447.0,10.0,20.0,81.0,0.8866850060303835
117,R_1inEz8mw40Y5s0U,73,100,40,20,0,567,0.848177818522291,567.0,40.0,20.0,81.0,0.906796893964938
118,R_1inEz8mw40Y5s0U,73,9,40,1,1,160,0.04144245832056635,160.0,40.0,1.0,86.0,0.0689324350969184
119,R_1inEz8mw40Y5s0U,73,60,60,5,1,241,0.2394367577880682,241.0,60.0,5.0,85.0,0.3747793893913287
120,R_1kBcWZxaJLSWAdu,80,10,50,1,0,604,0.06255283096978173,604.0,50.0,1.0,89.0,0.0815972855182383
121,R_1kBcWZxaJLSWAdu,77,40,1,5,0,409,0.24618236020517326,409.0,1.0,5.0,88.0,0.365738707453781
122,R_1kBcWZxaJLSWAdu,95,100,90,10,0,766,0.9976036442821604,766.0,90.0,10.0,100.0,0.999846664821447
123,R_1kBcWZxaJLSWAdu,75,3,50,1,1,200,0.04805177405550323,200.0,50.0,1.0,86.0,0.0718818910463506
124,R_1kBcWZxaJLSWAdu,65,40,10,5,1,41,0.1354752207364766,41.0,10.0,5.0,85.0,0.3146149484260559
125,R_1kBcWZxaJLSWAdu,95,100,90,5,1,361,0.9569720145202463,361.0,90.0,5.0,95.0,0.9569720145202464
126,R_1kBcWZxaJLSWAdu,65,70,10,10,1,42,0.27475314138664714,42.0,10.0,10.0,84.0,0.560469111206575
127,R_1kBcWZxaJLSWAdu,75,90,20,10,1,82,0.4565638430410869,82.0,20.0,10.0,84.0,0.5633330993655171
128,R_1kBcWZxaJLSWAdu,75,95,60,10,1,242,0.5411083976088508,242.0,60.0,10.0,84.0,0.667648731637014
129,R_1kBcWZxaJLSWAdu,75,100,60,20,1,243,0.9392975470950857,243.0,60.0,20.0,80.0,0.991472606340761
130,R_1ql4EAOsOvk9mDf,80,34,40,1,0,564,0.05998616477928486,564.0,40.0,1.0,89.0,0.0796799362815757
131,R_1ql4EAOsOvk9mDf,80,72,50,1,0,604,0.06255283096978173,604.0,50.0,1.0,89.0,0.0815972855182383
132,R_1ql4EAOsOvk9mDf,76,72,10,20,0,447,0.8380447397750855,447.0,10.0,20.0,81.0,0.8866850060303835
133,R_1ql4EAOsOvk9mDf,84,38,80,20,0,727,0.9983941443490539,727.0,80.0,20.0,99.0,0.9999999999882904
134,R_1ql4EAOsOvk9mDf,75,51,40,1,1,160,0.0460801148683877,160.0,40.0,1.0,86.0,0.0689324350969184
135,R_1ql4EAOsOvk9mDf,80,41,70,1,1,280,0.08103102496591746,280.0,70.0,1.0,86.0,0.0931159024727114
136,R_1ql4EAOsOvk9mDf,65,76,10,5,1,41,0.1354752207364766,41.0,10.0,5.0,85.0,0.3146149484260559
137,R_1ql4EAOsOvk9mDf,75,61,30,5,1,121,0.2280921303685533,121.0,30.0,5.0,85.0,0.3217857947397005
138,R_1ql4EAOsOvk9mDf,75,39,20,10,1,82,0.4565638430410869,82.0,20.0,10.0,84.0,0.5633330993655171
139,R_1ql4EAOsOvk9mDf,92,71,90,20,1,363,0.9999957219188006,363.0,90.0,20.0,99.0,0.999999999994631
140,R_1rchcJGqpGLtOw1,95,30,90,1,0,764,0.18920807900484432,764.0,90.0,1.0,91.0,0.26639177806
141,R_1rchcJGqpGLtOw1,90,100,80,10,0,726,0.9851169967105784,726.0,80.0,10.0,90.0,0.9645024187657324
142,R_1rchcJGqpGLtOw1,80,85,10,20,0,447,0.832308584034859,447.0,10.0,20.0,81.0,0.8866850060303835
143,R_1rchcJGqpGLtOw1,80,90,50,20,0,607,0.912667093558777,607.0,50.0,20.0,81.0,0.928617272012275
144,R_1rchcJGqpGLtOw1,90,100,80,20,0,727,0.99998681490436,727.0,80.0,20.0,99.0,0.9999999999882904
145,R_1rchcJGqpGLtOw1,75,53,30,5,1,121,0.2280921303685533,121.0,30.0,5.0,85.0,0.3217857947397005
146,R_1rchcJGqpGLtOw1,80,89,60,10,1,242,0.6404350856399583,242.0,60.0,10.0,84.0,0.667648731637014
147,R_1rchcJGqpGLtOw1,75,79,20,20,1,83,0.835521634287536,83.0,20.0,20.0,77.0,0.8455039260008776
148,R_1rchcJGqpGLtOw1,75,81,30,20,1,123,0.8502206079168719,123.0,30.0,20.0,77.0,0.8603785138053988
149,R_1rchcJGqpGLtOw1,90,100,80,20,1,323,0.99998681490436,323.0,80.0,20.0,99.0,0.999999999998143
150,R_1xY7gXgOKX3iK16,78,35,1,5,0,409,0.2581340897040505,409.0,1.0,5.0,88.0,0.365738707453781
151,R_1xY7gXgOKX3iK16,78,78,30,5,0,525,0.26452639235611186,525.0,30.0,5.0,88.0,0.3697278315749148
152,R_1xY7gXgOKX3iK16,80,75,60,5,0,645,0.33530162705920274,645.0,60.0,5.0,88.0,0.403326466734683
153,R_1xY7gXgOKX3iK16,95,85,90,5,0,765,0.9569720145202463,765.0,90.0,5.0,95.0,0.9207666691135774
154,R_1xY7gXgOKX3iK16,82,75,70,10,0,686,0.7897954303333785,686.0,70.0,10.0,87.0,0.7786377430240639
155,R_1xY7gXgOKX3iK16,80,90,10,20,0,447,0.832308584034859,447.0,10.0,20.0,81.0,0.8866850060303835
156,R_1xY7gXgOKX3iK16,76,30,1,1,1,4,0.04649713515680368,4.0,1.0,1.0,86.0,0.0654267493111091
157,R_1xY7gXgOKX3iK16,75,35,50,1,1,200,0.04805177405550323,200.0,50.0,1.0,86.0,0.0718818910463506
158,R_1xY7gXgOKX3iK16,85,29,80,1,1,320,0.13554345838954898,320.0,80.0,1.0,86.0,0.136289402202049
159,R_1xY7gXgOKX3iK16,80,75,70,10,1,282,0.763679533918537,282.0,70.0,10.0,84.0,0.796130136574837
160,R_32lwJEOKFbInfLB,77,60,10,1,0,444,0.049431881430292646,444.0,10.0,1.0,89.0,0.0779127114931001
161,R_32lwJEOKFbInfLB,77,100,10,10,0,446,0.491259043601368,446.0,10.0,10.0,87.0,0.6340984698190886
162,R_32lwJEOKFbInfLB,77,100,30,20,0,527,0.8603785138053988,527.0,30.0,20.0,81.0,0.8949506732529696
163,R_32lwJEOKFbInfLB,101,100,100,20,0,807,0.9999999998752214,807.0,100.0,20.0,100.0,0.9999999996701264
164,R_32lwJEOKFbInfLB,76,50,10,1,1,40,0.04658674072319535,40.0,10.0,1.0,86.0,0.065552834518497
165,R_32lwJEOKFbInfLB,75,55,20,1,1,80,0.044044835751824246,80.0,20.0,1.0,86.0,0.0658878084503197
166,R_32lwJEOKFbInfLB,75,50,30,1,1,120,0.04481969764965717,120.0,30.0,1.0,86.0,0.0670469443950542
167,R_32lwJEOKFbInfLB,75,50,40,1,1,160,0.0460801148683877,160.0,40.0,1.0,86.0,0.0689324350969184
168,R_32lwJEOKFbInfLB,75,95,50,5,1,201,0.2445405053372096,201.0,50.0,5.0,85.0,0.3449906874421074
169,R_32lwJEOKFbInfLB,76,81,70,5,1,281,0.3333943532021499,281.0,70.0,5.0,85.0,0.4469014203471465
170,R_3CPkZKDyHrcRezm,81,62,20,1,0,484,0.05976345926215475,484.0,20.0,1.0,89.0,0.0781002665681571
171,R_3CPkZKDyHrcRezm,86,69,70,1,0,684,0.09311590247271144,684.0,70.0,1.0,89.0,0.0956724873459808
172,R_3CPkZKDyHrcRezm,80,71,1,5,0,409,0.28093327556110964,409.0,1.0,5.0,88.0,0.365738707453781
173,R_3CPkZKDyHrcRezm,82,45,40,5,0,565,0.31593009588469,565.0,40.0,5.0,88.0,0.3746218191734422
174,R_3CPkZKDyHrcRezm,76,68,20,1,1,80,0.04682479822025831,80.0,20.0,1.0,86.0,0.0658878084503197
175,R_3CPkZKDyHrcRezm,82,45,40,1,1,160,0.0646448881586383,160.0,40.0,1.0,86.0,0.0689324350969184
176,R_3CPkZKDyHrcRezm,95,63,90,1,1,360,0.18920807900484432,360.0,90.0,1.0,91.0,0.325768927048
177,R_3CPkZKDyHrcRezm,75,65,10,5,1,41,0.22300920365468835,41.0,10.0,5.0,85.0,0.3146149484260559
178,R_3CPkZKDyHrcRezm,75,58,20,10,1,82,0.4565638430410869,82.0,20.0,10.0,84.0,0.5633330993655171
179,R_3CPkZKDyHrcRezm,94,61,90,20,1,363,0.9999996957542578,363.0,90.0,20.0,99.0,0.999999999994631
180,R_3QQaFzRgFJzVhc4,99,75,10,1,0,444,0.01023532877656307,444.0,10.0,1.0,89.0,0.0779127114931001
181,R_3QQaFzRgFJzVhc4,98,60,20,1,0,484,0.01446404212109865,484.0,20.0,1.0,89.0,0.0781002665681571
182,R_3QQaFzRgFJzVhc4,98,61,70,20,0,687,0.7606854840419853,687.0,70.0,20.0,90.0,0.9999472529280962
183,R_3QQaFzRgFJzVhc4,88,71,1,1,1,4,0.06385989698844424,4.0,1.0,1.0,86.0,0.0654267493111091
184,R_3QQaFzRgFJzVhc4,85,60,20,1,1,80,0.06552718904603294,80.0,20.0,1.0,86.0,0.0658878084503197
185,R_3QQaFzRgFJzVhc4,85,65,60,5,1,241,0.3747793893913287,241.0,60.0,5.0,85.0,0.3747793893913287
186,R_3QQaFzRgFJzVhc4,86,65,30,10,1,122,0.560619451148249,122.0,30.0,10.0,84.0,0.5732435768831542
187,R_3QQaFzRgFJzVhc4,85,30,70,10,1,282,0.7905215284808018,282.0,70.0,10.0,84.0,0.796130136574837
188,R_3QQaFzRgFJzVhc4,85,51,1,20,1,7,0.7783477627578834,7.0,1.0,20.0,77.0,0.8395873942252743
189,R_3QQaFzRgFJzVhc4,87,60,20,20,1,83,0.7554591951502607,83.0,20.0,20.0,77.0,0.8455039260008776
190,R_3REyfuB68RVzLkB,92,72,80,5,0,725,0.4879760954399525,725.0,80.0,5.0,88.0,0.585821694621981
191,R_3REyfuB68RVzLkB,90,58,20,10,0,486,0.47624539349138767,486.0,20.0,10.0,87.0,0.6356249009215531
192,R_3REyfuB68RVzLkB,90,52,50,20,0,607,0.7719545383827059,607.0,50.0,20.0,81.0,0.928617272012275
193,R_3REyfuB68RVzLkB,95,56,90,20,0,767,0.9999999355379333,767.0,90.0,20.0,99.0,0.999999999973863
194,R_3REyfuB68RVzLkB,101,33,100,20,0,807,0.9999999998752214,807.0,100.0,20.0,100.0,0.9999999996701264
195,R_3REyfuB68RVzLkB,89,61,70,1,1,280,0.08758432861374862,280.0,70.0,1.0,86.0,0.0931159024727114
196,R_3REyfuB68RVzLkB,87,57,30,5,1,121,0.31640365440503143,121.0,30.0,5.0,85.0,0.3217857947397005
197,R_3REyfuB68RVzLkB,85,56,80,10,1,322,0.8940549900284027,322.0,80.0,10.0,90.0,0.9851169967105784
198,R_3REyfuB68RVzLkB,88,57,60,20,1,243,0.8773130276050419,243.0,60.0,20.0,80.0,0.991472606340761
199,R_3REyfuB68RVzLkB,87,61,80,20,1,323,0.9998097429351791,323.0,80.0,20.0,99.0,0.999999999998143
200,R_3X4pfi8tsAlwIaB,78,4,60,1,0,644,0.06199202960000623,644.0,60.0,1.0,89.0,0.0857852520202882
201,R_3X4pfi8tsAlwIaB,105,4,100,1,0,804,0.08049947668387289,804.0,100.0,1.0,101.0,0.583631619088
202,R_3X4pfi8tsAlwIaB,75,90,50,20,0,607,0.9115324442458983,607.0,50.0,20.0,81.0,0.928617272012275
203,R_3X4pfi8tsAlwIaB,75,3,60,1,1,240,0.05220087148791122,240.0,60.0,1.0,86.0,0.0780886331581517
204,R_3X4pfi8tsAlwIaB,78,18,30,5,1,121,0.26452639235611186,121.0,30.0,5.0,85.0,0.3217857947397005
205,R_3X4pfi8tsAlwIaB,75,23,40,5,1,161,0.23450652545931655,161.0,40.0,5.0,85.0,0.330835038213031
206,R_3X4pfi8tsAlwIaB,95,31,90,5,1,361,0.9569720145202463,361.0,90.0,5.0,95.0,0.9569720145202464
207,R_3X4pfi8tsAlwIaB,80,81,20,20,1,83,0.8365616675350898,83.0,20.0,20.0,77.0,0.8455039260008776
208,R_3X4pfi8tsAlwIaB,78,89,50,20,1,203,0.9222407503701858,203.0,50.0,20.0,77.0,0.9224228657397676
209,R_3X4pfi8tsAlwIaB,103,95,100,20,1,403,0.9999999998752214,403.0,100.0,20.0,100.0,0.9999999998752214
210,R_3aSyzu5FpiWDxxD,75,75,1,5,0,409,0.22258026474001374,409.0,1.0,5.0,88.0,0.365738707453781
211,R_3aSyzu5FpiWDxxD,85,100,70,10,0,686,0.7905215284808018,686.0,70.0,10.0,87.0,0.7786377430240639
212,R_3aSyzu5FpiWDxxD,85,100,80,10,0,726,0.8940549900284027,726.0,80.0,10.0,90.0,0.9645024187657324
213,R_3aSyzu5FpiWDxxD,80,100,30,20,0,527,0.8512789380231209,527.0,30.0,20.0,81.0,0.8949506732529696
214,R_3aSyzu5FpiWDxxD,80,100,50,20,0,607,0.912667093558777,607.0,50.0,20.0,81.0,0.928617272012275
215,R_3aSyzu5FpiWDxxD,80,100,60,20,0,647,0.991472606340761,647.0,60.0,20.0,81.0,0.9762783921550912
216,R_3aSyzu5FpiWDxxD,95,50,90,1,1,360,0.18920807900484432,360.0,90.0,1.0,91.0,0.325768927048
217,R_3aSyzu5FpiWDxxD,70,65,10,5,1,41,0.17276800255043254,41.0,10.0,5.0,85.0,0.3146149484260559
218,R_3aSyzu5FpiWDxxD,75,100,20,20,1,83,0.835521634287536,83.0,20.0,20.0,77.0,0.8455039260008776
219,R_3aSyzu5FpiWDxxD,75,100,60,20,1,243,0.9392975470950857,243.0,60.0,20.0,80.0,0.991472606340761
220,R_3fCeVannU6MhjTv,102,60,100,1,0,804,0.40796426661474944,804.0,100.0,1.0,101.0,0.583631619088
221,R_3fCeVannU6MhjTv,76,70,70,5,0,685,0.3333943532021499,685.0,70.0,5.0,88.0,0.449812122436234
222,R_3fCeVannU6MhjTv,95,90,90,10,0,766,0.9976036442821604,766.0,90.0,10.0,100.0,0.999846664821447
223,R_3fCeVannU6MhjTv,102,95,100,10,0,806,0.999900574448193,806.0,100.0,10.0,109.0,0.9999999996701264
224,R_3fCeVannU6MhjTv,75,2,1,1,1,4,0.0437366258638945,4.0,1.0,1.0,86.0,0.0654267493111091
225,R_3fCeVannU6MhjTv,75,5,20,1,1,80,0.044044835751824246,80.0,20.0,1.0,86.0,0.0658878084503197
226,R_3fCeVannU6MhjTv,75,5,60,1,1,240,0.05220087148791122,240.0,60.0,1.0,86.0,0.0780886331581517
227,R_3fCeVannU6MhjTv,76,70,20,5,1,81,0.23590624908177243,81.0,20.0,5.0,85.0,0.3162226257608132
228,R_3fCeVannU6MhjTv,75,20,40,5,1,161,0.23450652545931655,161.0,40.0,5.0,85.0,0.330835038213031
229,R_3fCeVannU6MhjTv,75,25,60,5,1,241,0.2656556962486296,241.0,60.0,5.0,85.0,0.3747793893913287
230,R_3fnHHkANLckH5V7,80,90,10,1,0,444,0.05704517949564702,444.0,10.0,1.0,89.0,0.0779127114931001
231,R_3fnHHkANLckH5V7,75,80,30,10,0,526,0.46459597484182935,526.0,30.0,10.0,87.0,0.6400095283147545
232,R_3fnHHkANLckH5V7,85,88,1,20,0,411,0.7783477627578834,411.0,1.0,20.0,81.0,0.8852947344433568
233,R_3fnHHkANLckH5V7,75,90,20,20,0,487,0.835521634287536,487.0,20.0,20.0,81.0,0.8888194751005897
234,R_3fnHHkANLckH5V7,85,90,70,20,0,687,0.999433692099863,687.0,70.0,20.0,90.0,0.9999472529280962
235,R_3fnHHkANLckH5V7,94,92,90,1,1,360,0.2274289589352325,360.0,90.0,1.0,91.0,0.325768927048
236,R_3fnHHkANLckH5V7,105,91,100,5,1,401,0.9991140836709028,401.0,100.0,5.0,105.0,0.9991140836709028
237,R_3fnHHkANLckH5V7,75,91,20,10,1,82,0.4565638430410869,82.0,20.0,10.0,84.0,0.5633330993655171
238,R_3fnHHkANLckH5V7,105,90,100,10,1,402,0.9999985018572008,402.0,100.0,10.0,109.0,0.9999999998752214
239,R_3fnHHkANLckH5V7,80,90,20,20,1,83,0.8365616675350898,83.0,20.0,20.0,77.0,0.8455039260008776
240,R_3gLr273gkzGHJmC,77,10,50,1,0,604,0.05420447706476828,604.0,50.0,1.0,89.0,0.0815972855182383
241,R_3gLr273gkzGHJmC,87,10,80,1,0,724,0.13556806434166918,724.0,80.0,1.0,89.0,0.1246009519756057
242,R_3gLr273gkzGHJmC,88,70,50,5,0,605,0.33064918507092855,605.0,50.0,5.0,88.0,0.3836363953961324
243,R_3gLr273gkzGHJmC,92,100,90,5,0,765,0.8452651347806293,765.0,90.0,5.0,95.0,0.9207666691135774
244,R_3gLr273gkzGHJmC,89,75,10,10,0,446,0.4974990258184511,446.0,10.0,10.0,87.0,0.6340984698190886
245,R_3gLr273gkzGHJmC,101,100,100,10,0,806,0.9996885047313588,806.0,100.0,10.0,109.0,0.9999999996701264
246,R_3gLr273gkzGHJmC,102,100,100,20,0,807,0.9999999998752214,807.0,100.0,20.0,100.0,0.9999999996701264
247,R_3gLr273gkzGHJmC,82,60,20,5,1,81,0.30197600900177907,81.0,20.0,5.0,85.0,0.3162226257608132
248,R_3gLr273gkzGHJmC,77,25,50,5,1,201,0.27047123355702196,201.0,50.0,5.0,85.0,0.3449906874421074
249,R_3gLr273gkzGHJmC,87,100,80,20,1,323,0.9998097429351791,323.0,80.0,20.0,99.0,0.999999999998143
250,R_3h3dC7hL5vMf1Ya,67,15,60,1,0,644,0.03545905035501548,644.0,60.0,1.0,89.0,0.0857852520202882
251,R_3h3dC7hL5vMf1Ya,64,38,30,5,0,525,0.13157687238069338,525.0,30.0,5.0,88.0,0.3697278315749148
252,R_3h3dC7hL5vMf1Ya,74,70,60,5,0,645,0.2522771196234075,645.0,60.0,5.0,88.0,0.403326466734683
253,R_3h3dC7hL5vMf1Ya,91,89,80,5,0,725,0.5330967485048814,725.0,80.0,5.0,88.0,0.585821694621981
254,R_3h3dC7hL5vMf1Ya,83,81,10,10,0,446,0.5601677317242226,446.0,10.0,10.0,87.0,0.6340984698190886
255,R_3h3dC7hL5vMf1Ya,89,75,40,20,0,567,0.7577646247113229,567.0,40.0,20.0,81.0,0.906796893964938
256,R_3h3dC7hL5vMf1Ya,76,96,70,20,0,687,0.9476955028082612,687.0,70.0,20.0,90.0,0.9999472529280962
257,R_3h3dC7hL5vMf1Ya,79,33,40,1,1,160,0.05734524689274889,160.0,40.0,1.0,86.0,0.0689324350969184
258,R_3h3dC7hL5vMf1Ya,101,64,100,1,1,400,0.644110682998,400.0,100.0,1.0,101.0,0.644110682998
259,R_3h3dC7hL5vMf1Ya,68,72,30,20,1,123,0.7091751296805016,123.0,30.0,20.0,77.0,0.8603785138053988
260,R_3knq33zgsmYJnpt,100,100,100,1,0,804,0.391927,804.0,100.0,1.0,101.0,0.583631619088
261,R_3knq33zgsmYJnpt,94,100,90,5,0,765,0.9317633482725888,765.0,90.0,5.0,95.0,0.9207666691135774
262,R_3knq33zgsmYJnpt,59,40,20,10,0,486,0.19718848908262082,486.0,20.0,10.0,87.0,0.6356249009215531
263,R_3knq33zgsmYJnpt,75,100,70,20,0,687,0.9276160504295075,687.0,70.0,20.0,90.0,0.9999472529280962
264,R_3knq33zgsmYJnpt,84,70,80,1,1,320,0.13374076654269912,320.0,80.0,1.0,86.0,0.136289402202049
265,R_3knq33zgsmYJnpt,101,100,100,1,1,400,0.644110682998,400.0,100.0,1.0,101.0,0.644110682998
266,R_3knq33zgsmYJnpt,67,50,50,5,1,201,0.16417308644452308,201.0,50.0,5.0,85.0,0.3449906874421074
267,R_3knq33zgsmYJnpt,65,70,60,10,1,242,0.27635229282716317,242.0,60.0,10.0,84.0,0.667648731637014
268,R_3knq33zgsmYJnpt,60,100,40,20,1,163,0.49422013756633776,163.0,40.0,20.0,77.0,0.8845740338622907
269,R_3knq33zgsmYJnpt,72,100,60,20,1,243,0.8663792015301756,243.0,60.0,20.0,80.0,0.991472606340761
270,R_3mBlcV35SwHlg9r,75,60,20,5,0,485,0.22414877710455638,485.0,20.0,5.0,88.0,0.3671948711944325
271,R_3mBlcV35SwHlg9r,75,60,10,10,0,446,0.4542426702895771,446.0,10.0,10.0,87.0,0.6340984698190886
272,R_3mBlcV35SwHlg9r,75,80,30,10,0,526,0.46459597484182935,526.0,30.0,10.0,87.0,0.6400095283147545
273,R_3mBlcV35SwHlg9r,85,95,60,20,0,647,0.9289795619595053,647.0,60.0,20.0,81.0,0.9762783921550912
274,R_3mBlcV35SwHlg9r,85,100,70,20,0,687,0.999433692099863,687.0,70.0,20.0,90.0,0.9999472529280962
275,R_3mBlcV35SwHlg9r,70,15,50,1,1,200,0.037410530594599964,200.0,50.0,1.0,86.0,0.0718818910463506
276,R_3mBlcV35SwHlg9r,97,60,90,1,1,360,0.11677835627282056,360.0,90.0,1.0,91.0,0.325768927048
277,R_3mBlcV35SwHlg9r,102,75,100,1,1,400,0.40796426661474944,400.0,100.0,1.0,101.0,0.644110682998
278,R_3mBlcV35SwHlg9r,70,50,50,5,1,201,0.18944856964379775,201.0,50.0,5.0,85.0,0.3449906874421074
279,R_3mBlcV35SwHlg9r,75,80,1,20,1,7,0.8296749549919734,7.0,1.0,20.0,77.0,0.8395873942252743
280,R_3nMDOJZbQyVKkQ0,85,55,40,5,0,565,0.33083503821303106,565.0,40.0,5.0,88.0,0.3746218191734422
281,R_3nMDOJZbQyVKkQ0,92,94,10,10,0,446,0.418975382517157,446.0,10.0,10.0,87.0,0.6340984698190886
282,R_3nMDOJZbQyVKkQ0,87,60,60,10,0,646,0.6374863494026946,646.0,60.0,10.0,87.0,0.69816973375297
283,R_3nMDOJZbQyVKkQ0,104,91,100,10,0,806,0.9999929291195317,806.0,100.0,10.0,109.0,0.9999999996701264
284,R_3nMDOJZbQyVKkQ0,88,96,70,20,0,687,0.9999428190207952,687.0,70.0,20.0,90.0,0.9999472529280962
285,R_3nMDOJZbQyVKkQ0,83,27,70,1,1,280,0.08962709577776329,280.0,70.0,1.0,86.0,0.0931159024727114
286,R_3nMDOJZbQyVKkQ0,87,67,80,1,1,320,0.13556806434166918,320.0,80.0,1.0,86.0,0.136289402202049
287,R_3nMDOJZbQyVKkQ0,83,75,1,5,1,5,0.3068986060267709,5.0,1.0,5.0,85.0,0.3140098137844954
288,R_3nMDOJZbQyVKkQ0,76,79,1,20,1,7,0.8364328332024559,7.0,1.0,20.0,77.0,0.8395873942252743
289,R_3nMDOJZbQyVKkQ0,75,76,40,20,1,163,0.8741304678698466,163.0,40.0,20.0,77.0,0.8845740338622907
290,R_3o539IO4ohmilUU,72,40,50,1,0,604,0.041176346576203754,604.0,50.0,1.0,89.0,0.0815972855182383
291,R_3o539IO4ohmilUU,95,80,90,1,0,764,0.18920807900484432,764.0,90.0,1.0,91.0,0.26639177806
292,R_3o539IO4ohmilUU,75,45,1,10,0,410,0.45336897380172003,410.0,1.0,10.0,87.0,0.6331042395344093
293,R_3o539IO4ohmilUU,75,65,20,10,0,486,0.4565638430410869,486.0,20.0,10.0,87.0,0.6356249009215531
294,R_3o539IO4ohmilUU,75,65,30,10,0,526,0.46459597484182935,526.0,30.0,10.0,87.0,0.6400095283147545
295,R_3o539IO4ohmilUU,70,75,20,20,0,487,0.7493942497067398,487.0,20.0,20.0,81.0,0.8888194751005897
296,R_3o539IO4ohmilUU,78,95,70,20,0,687,0.9752926183908813,687.0,70.0,20.0,90.0,0.9999472529280962
297,R_3o539IO4ohmilUU,78,70,70,5,1,281,0.3673786176884576,281.0,70.0,5.0,85.0,0.4469014203471465
298,R_3o539IO4ohmilUU,75,75,1,10,1,6,0.45336897380172003,6.0,1.0,10.0,84.0,0.5593910973473719
299,R_3o539IO4ohmilUU,75,70,40,20,1,163,0.8741304678698466,163.0,40.0,20.0,77.0,0.8845740338622907
300,R_3uPw1bFGiKDFKYV,80,1,1,1,0,408,0.05693545802684984,408.0,1.0,1.0,89.0,0.0777905487991102
301,R_3uPw1bFGiKDFKYV,77,2,30,1,0,524,0.0505585552469827,524.0,30.0,1.0,89.0,0.0786390128754754
302,R_3uPw1bFGiKDFKYV,105,15,100,1,0,804,0.08049947668387289,804.0,100.0,1.0,101.0,0.583631619088
303,R_3uPw1bFGiKDFKYV,72,20,40,5,0,565,0.2006559890277825,565.0,40.0,5.0,88.0,0.3746218191734422
304,R_3uPw1bFGiKDFKYV,74,80,10,20,0,447,0.8207549975872399,447.0,10.0,20.0,81.0,0.8866850060303835
305,R_3uPw1bFGiKDFKYV,72,2,50,1,1,200,0.041176346576203754,200.0,50.0,1.0,86.0,0.0718818910463506
306,R_3uPw1bFGiKDFKYV,103,15,100,1,1,400,0.24799068796067292,400.0,100.0,1.0,101.0,0.644110682998
307,R_3uPw1bFGiKDFKYV,72,30,60,5,1,241,0.22730884084025477,241.0,60.0,5.0,85.0,0.3747793893913287
308,R_3uPw1bFGiKDFKYV,103,86,100,5,1,401,0.994376596584581,401.0,100.0,5.0,105.0,0.9991140836709028
309,R_3uPw1bFGiKDFKYV,75,39,60,10,1,242,0.5411083976088508,242.0,60.0,10.0,84.0,0.667648731637014
310,R_3zHoQ0iP7jROpO7,82,63,70,1,0,684,0.08732416158918188,684.0,70.0,1.0,89.0,0.0956724873459808
311,R_3zHoQ0iP7jROpO7,80,14,1,5,0,409,0.28093327556110964,409.0,1.0,5.0,88.0,0.365738707453781
312,R_3zHoQ0iP7jROpO7,82,18,40,5,0,565,0.31593009588469,565.0,40.0,5.0,88.0,0.3746218191734422
313,R_3zHoQ0iP7jROpO7,95,74,90,5,0,765,0.9569720145202463,765.0,90.0,5.0,95.0,0.9207666691135774
314,R_3zHoQ0iP7jROpO7,103,97,100,20,0,807,0.9999999998752214,807.0,100.0,20.0,100.0,0.9999999996701264
315,R_3zHoQ0iP7jROpO7,85,7,80,1,1,320,0.13554345838954898,320.0,80.0,1.0,86.0,0.136289402202049
316,R_3zHoQ0iP7jROpO7,79,9,10,5,1,41,0.27034289749858637,41.0,10.0,5.0,85.0,0.3146149484260559
317,R_3zHoQ0iP7jROpO7,78,22,20,5,1,81,0.2599531481541952,81.0,20.0,5.0,85.0,0.3162226257608132
318,R_3zHoQ0iP7jROpO7,80,32,50,10,1,202,0.589531192779317,202.0,50.0,10.0,84.0,0.6145818084377129
319,R_3zHoQ0iP7jROpO7,81,60,70,10,1,282,0.7789560622944256,282.0,70.0,10.0,84.0,0.796130136574837
320,R_3zcfSCPVWqAyFdP,80,33,60,1,0,644,0.06795404238118118,644.0,60.0,1.0,89.0,0.0857852520202882
321,R_3zcfSCPVWqAyFdP,68,33,1,5,0,409,0.15681467050469755,409.0,1.0,5.0,88.0,0.365738707453781
322,R_3zcfSCPVWqAyFdP,85,75,10,5,0,445,0.3146149484260559,445.0,10.0,5.0,88.0,0.366313065476557
323,R_3zcfSCPVWqAyFdP,85,96,80,5,0,725,0.6541087591371295,725.0,80.0,5.0,88.0,0.585821694621981
324,R_3zcfSCPVWqAyFdP,91,87,90,5,0,765,0.7786713184049463,765.0,90.0,5.0,95.0,0.9207666691135774
325,R_3zcfSCPVWqAyFdP,70,90,60,10,0,646,0.427038112307622,646.0,60.0,10.0,87.0,0.69816973375297
326,R_3zcfSCPVWqAyFdP,101,100,100,20,0,807,0.9999999998752214,807.0,100.0,20.0,100.0,0.9999999996701264
327,R_3zcfSCPVWqAyFdP,69,18,40,1,1,160,0.034200581649570946,160.0,40.0,1.0,86.0,0.0689324350969184
328,R_3zcfSCPVWqAyFdP,65,87,20,10,1,82,0.27615712552748495,82.0,20.0,10.0,84.0,0.5633330993655171
329,R_3zcfSCPVWqAyFdP,70,95,40,20,1,163,0.7840232008758379,163.0,40.0,20.0,77.0,0.8845740338622907
330,R_3zkDdGWJzEgfCUC,85,15,70,1,0,684,0.09260625733396538,684.0,70.0,1.0,89.0,0.0956724873459808
331,R_3zkDdGWJzEgfCUC,84,83,30,5,0,525,0.3195034431774801,525.0,30.0,5.0,88.0,0.3697278315749148
332,R_3zkDdGWJzEgfCUC,80,66,20,20,0,487,0.8365616675350898,487.0,20.0,20.0,81.0,0.8888194751005897
333,R_3zkDdGWJzEgfCUC,82,75,30,20,0,527,0.833933970203525,527.0,30.0,20.0,81.0,0.8949506732529696
334,R_3zkDdGWJzEgfCUC,101,35,100,1,1,400,0.644110682998,400.0,100.0,1.0,101.0,0.644110682998
335,R_3zkDdGWJzEgfCUC,80,80,1,5,1,5,0.28093327556110964,5.0,1.0,5.0,85.0,0.3140098137844954
336,R_3zkDdGWJzEgfCUC,72,57,60,5,1,241,0.22730884084025477,241.0,60.0,5.0,85.0,0.3747793893913287
337,R_3zkDdGWJzEgfCUC,45,60,30,10,1,122,0.08501661729140876,122.0,30.0,10.0,84.0,0.5732435768831542
338,R_3zkDdGWJzEgfCUC,93,30,90,10,1,362,0.9913897243255275,362.0,90.0,10.0,100.0,0.9999618808050552
339,R_3zkDdGWJzEgfCUC,65,70,10,20,1,43,0.6076916080213559,43.0,10.0,20.0,77.0,0.8412053800160368
340,R_56l6CdY3UtyL4ca,75,37,20,5,0,485,0.22414877710455638,485.0,20.0,5.0,88.0,0.3671948711944325
341,R_56l6CdY3UtyL4ca,79,79,30,5,0,525,0.2765046751879366,525.0,30.0,5.0,88.0,0.3697278315749148
342,R_56l6CdY3UtyL4ca,80,84,50,5,0,605,0.3086507478639055,605.0,50.0,5.0,88.0,0.3836363953961324
343,R_56l6CdY3UtyL4ca,75,92,50,20,0,607,0.9115324442458983,607.0,50.0,20.0,81.0,0.928617272012275
344,R_56l6CdY3UtyL4ca,85,93,80,20,0,727,0.9991711215472078,727.0,80.0,20.0,99.0,0.9999999999882904
345,R_56l6CdY3UtyL4ca,70,32,30,1,1,120,0.03489420948800928,120.0,30.0,1.0,86.0,0.0670469443950542
346,R_56l6CdY3UtyL4ca,75,80,30,5,1,121,0.2280921303685533,121.0,30.0,5.0,85.0,0.3217857947397005
347,R_56l6CdY3UtyL4ca,75,71,40,5,1,161,0.23450652545931655,161.0,40.0,5.0,85.0,0.330835038213031
348,R_56l6CdY3UtyL4ca,105,71,100,10,1,402,0.9999985018572008,402.0,100.0,10.0,109.0,0.9999999998752214
349,R_56l6CdY3UtyL4ca,75,78,30,20,1,123,0.8502206079168719,123.0,30.0,20.0,77.0,0.8603785138053988
350,R_5CGVP8FdcdHrfYD,75,54,60,1,0,644,0.05220087148791122,644.0,60.0,1.0,89.0,0.0857852520202882
351,R_5CGVP8FdcdHrfYD,92,55,90,1,0,764,0.29657131149583205,764.0,90.0,1.0,91.0,0.26639177806
352,R_5CGVP8FdcdHrfYD,78,92,1,5,0,409,0.2581340897040505,409.0,1.0,5.0,88.0,0.365738707453781
353,R_5CGVP8FdcdHrfYD,94,100,90,10,0,766,0.9953573393563244,766.0,90.0,10.0,100.0,0.999846664821447
354,R_5CGVP8FdcdHrfYD,70,77,60,1,1,240,0.0406407950226268,240.0,60.0,1.0,86.0,0.0780886331581517
355,R_5CGVP8FdcdHrfYD,83,57,80,1,1,320,0.13118299861011334,320.0,80.0,1.0,86.0,0.136289402202049
356,R_5CGVP8FdcdHrfYD,73,90,1,5,1,5,0.20061266402163092,5.0,1.0,5.0,85.0,0.3140098137844954
357,R_5CGVP8FdcdHrfYD,73,91,10,5,1,41,0.20099926873016577,41.0,10.0,5.0,85.0,0.3146149484260559
358,R_5CGVP8FdcdHrfYD,75,97,70,10,1,282,0.5369211336010429,282.0,70.0,10.0,84.0,0.796130136574837
359,R_5CGVP8FdcdHrfYD,74,98,30,20,1,123,0.8394620170035061,123.0,30.0,20.0,77.0,0.8603785138053988
360,R_5CRG8bjbhJ867oR,95,100,1,5,0,409,0.15890298607021472,409.0,1.0,5.0,88.0,0.365738707453781
361,R_5CRG8bjbhJ867oR,95,92,50,5,0,605,0.17458069141300767,605.0,50.0,5.0,88.0,0.3836363953961324
362,R_5CRG8bjbhJ867oR,95,91,60,10,0,646,0.38787116435065455,646.0,60.0,10.0,87.0,0.69816973375297
363,R_5CRG8bjbhJ867oR,95,100,80,20,0,727,0.9999999777031359,727.0,80.0,20.0,99.0,0.9999999999882904
364,R_5CRG8bjbhJ867oR,107,90,100,20,0,807,0.9999999998752214,807.0,100.0,20.0,100.0,0.9999999996701264
365,R_5CRG8bjbhJ867oR,81,100,50,1,1,200,0.06520038484015439,200.0,50.0,1.0,86.0,0.0718818910463506
366,R_5CRG8bjbhJ867oR,102,100,100,1,1,400,0.40796426661474944,400.0,100.0,1.0,101.0,0.644110682998
367,R_5CRG8bjbhJ867oR,94,92,10,10,1,42,0.35765387231388834,42.0,10.0,10.0,84.0,0.560469111206575
368,R_5CRG8bjbhJ867oR,95,100,90,10,1,362,0.9976036442821604,362.0,90.0,10.0,100.0,0.9999618808050552
369,R_5CRG8bjbhJ867oR,91,100,20,20,1,83,0.6900189499583347,83.0,20.0,20.0,77.0,0.8455039260008776
370,R_5FQVtHyTX589mzG,85,65,10,5,0,445,0.3146149484260559,445.0,10.0,5.0,88.0,0.366313065476557
371,R_5FQVtHyTX589mzG,85,75,70,5,0,685,0.4469014203471465,685.0,70.0,5.0,88.0,0.449812122436234
372,R_5FQVtHyTX589mzG,85,75,70,10,0,686,0.7905215284808018,686.0,70.0,10.0,87.0,0.7786377430240639
373,R_5FQVtHyTX589mzG,85,75,40,20,0,567,0.8200530700984933,567.0,40.0,20.0,81.0,0.906796893964938
374,R_5FQVtHyTX589mzG,85,75,50,20,0,607,0.8551412024566704,607.0,50.0,20.0,81.0,0.928617272012275
375,R_5FQVtHyTX589mzG,85,75,70,20,0,687,0.999433692099863,687.0,70.0,20.0,90.0,0.9999472529280962
376,R_5FQVtHyTX589mzG,80,75,20,5,1,81,0.2829129987717176,81.0,20.0,5.0,85.0,0.3162226257608132
377,R_5FQVtHyTX589mzG,80,75,50,10,1,202,0.589531192779317,202.0,50.0,10.0,84.0,0.6145818084377129
378,R_5FQVtHyTX589mzG,80,75,70,10,1,282,0.763679533918537,282.0,70.0,10.0,84.0,0.796130136574837
379,R_5FQVtHyTX589mzG,80,50,80,20,1,323,0.9851169967105784,323.0,80.0,20.0,99.0,0.999999999998143
380,R_5I5XzI0QdEGGPKP,95,95,90,10,0,766,0.9976036442821604,766.0,90.0,10.0,100.0,0.999846664821447
381,R_5I5XzI0QdEGGPKP,85,100,70,20,0,687,0.999433692099863,687.0,70.0,20.0,90.0,0.9999472529280962
382,R_5I5XzI0QdEGGPKP,95,0,90,1,1,360,0.18920807900484432,360.0,90.0,1.0,91.0,0.325768927048
383,R_5I5XzI0QdEGGPKP,85,0,1,5,1,5,0.3140098137844954,5.0,1.0,5.0,85.0,0.3140098137844954
384,R_5I5XzI0QdEGGPKP,85,80,70,5,1,281,0.4469014203471465,281.0,70.0,5.0,85.0,0.4469014203471465
385,R_5I5XzI0QdEGGPKP,103,100,100,5,1,401,0.994376596584581,401.0,100.0,5.0,105.0,0.9991140836709028
386,R_5I5XzI0QdEGGPKP,85,5,1,10,1,6,0.5554502775087817,6.0,1.0,10.0,84.0,0.5593910973473719
387,R_5I5XzI0QdEGGPKP,85,90,40,10,1,162,0.5852123268706897,162.0,40.0,10.0,84.0,0.5893643030977304
388,R_5I5XzI0QdEGGPKP,85,15,10,20,1,43,0.7798477324204534,43.0,10.0,20.0,77.0,0.8412053800160368
389,R_5I5XzI0QdEGGPKP,85,95,60,20,1,243,0.9289795619595053,243.0,60.0,20.0,80.0,0.991472606340761
390,R_5IiJQVVBiWK1s9H,72,0,20,1,0,484,0.03774273598544439,484.0,20.0,1.0,89.0,0.0781002665681571
391,R_5IiJQVVBiWK1s9H,65,0,40,1,0,564,0.028649986479606357,564.0,40.0,1.0,89.0,0.0796799362815757
392,R_5IiJQVVBiWK1s9H,66,0,10,10,0,446,0.28991843155092306,446.0,10.0,10.0,87.0,0.6340984698190886
393,R_5IiJQVVBiWK1s9H,75,23,70,10,0,686,0.5369211336010429,686.0,70.0,10.0,87.0,0.7786377430240639
394,R_5IiJQVVBiWK1s9H,91,6,90,10,0,766,0.9738358437853697,766.0,90.0,10.0,100.0,0.999846664821447
395,R_5IiJQVVBiWK1s9H,101,1,100,20,0,807,0.9999999998752214,807.0,100.0,20.0,100.0,0.9999999996701264
396,R_5IiJQVVBiWK1s9H,75,0,10,5,1,41,0.22300920365468835,41.0,10.0,5.0,85.0,0.3146149484260559
397,R_5IiJQVVBiWK1s9H,82,0,80,5,1,321,0.45850247002457034,321.0,80.0,5.0,85.0,0.6541087591371295
398,R_5IiJQVVBiWK1s9H,91,0,90,5,1,361,0.7786713184049463,361.0,90.0,5.0,95.0,0.9569720145202464
399,R_5IiJQVVBiWK1s9H,72,11,70,10,1,282,0.4012387835340694,282.0,70.0,10.0,84.0,0.796130136574837
400,R_5Ll5BNV05fmgyUV,48,48,20,10,0,486,0.09907008868475481,486.0,20.0,10.0,87.0,0.6356249009215531
401,R_5Ll5BNV05fmgyUV,92,81,80,10,0,726,0.8710821559443892,726.0,80.0,10.0,90.0,0.9645024187657324
402,R_5Ll5BNV05fmgyUV,82,82,20,20,0,487,0.8195165668584539,487.0,20.0,20.0,81.0,0.8888194751005897
403,R_5Ll5BNV05fmgyUV,88,32,40,20,0,567,0.7744446392419984,567.0,40.0,20.0,81.0,0.906796893964938
404,R_5Ll5BNV05fmgyUV,90,90,10,1,1,40,0.07692262198201785,40.0,10.0,1.0,86.0,0.065552834518497
405,R_5Ll5BNV05fmgyUV,82,82,10,5,1,41,0.30152912079785665,41.0,10.0,5.0,85.0,0.3146149484260559
406,R_5Ll5BNV05fmgyUV,86,43,50,5,1,201,0.37240637907824486,201.0,50.0,5.0,85.0,0.3449906874421074
407,R_5Ll5BNV05fmgyUV,100,69,90,5,1,361,0.3875258579642671,361.0,90.0,5.0,95.0,0.9569720145202464
408,R_5Ll5BNV05fmgyUV,94,32,20,10,1,82,0.5024023304134387,82.0,20.0,10.0,84.0,0.5633330993655171
409,R_5Ll5BNV05fmgyUV,49,49,10,20,1,43,0.16517497726789387,43.0,10.0,20.0,77.0,0.8412053800160368
410,R_5OGybnTgk1z7oAL,95,100,90,1,0,764,0.19240550510153653,764.0,90.0,1.0,91.0,0.26639177806
411,R_5OGybnTgk1z7oAL,75,69,1,5,0,409,0.18877470227925222,409.0,1.0,5.0,88.0,0.365738707453781
412,R_5OGybnTgk1z7oAL,50,100,30,20,0,527,0.17803942327648592,527.0,30.0,20.0,81.0,0.8949506732529696
413,R_5OGybnTgk1z7oAL,70,100,40,20,0,567,0.6900063554016483,567.0,40.0,20.0,81.0,0.906796893964938
414,R_5OGybnTgk1z7oAL,89,100,60,20,0,647,0.9099029033878971,647.0,60.0,20.0,81.0,0.9762783921550912
415,R_5OGybnTgk1z7oAL,80,70,30,1,1,120,0.053943188089884284,120.0,30.0,1.0,86.0,0.0670469443950542
416,R_5OGybnTgk1z7oAL,95,100,90,1,1,360,0.19240550510153653,360.0,90.0,1.0,91.0,0.325768927048
417,R_5OGybnTgk1z7oAL,85,68,40,5,1,161,0.35298502314917185,161.0,40.0,5.0,85.0,0.330835038213031
418,R_5OGybnTgk1z7oAL,60,65,10,10,1,42,0.1404753663163997,42.0,10.0,10.0,84.0,0.560469111206575
419,R_5OGybnTgk1z7oAL,85,64,70,10,1,282,0.7707960719939383,282.0,70.0,10.0,84.0,0.796130136574837
420,R_5OlZhWhSrsDvd2F,83,32,50,1,0,604,0.06688240672226864,604.0,50.0,1.0,89.0,0.0815972855182383
421,R_5OlZhWhSrsDvd2F,87,60,70,1,0,684,0.09307431201512088,684.0,70.0,1.0,89.0,0.0956724873459808
422,R_5OlZhWhSrsDvd2F,86,73,80,1,0,724,0.1175641837864256,724.0,80.0,1.0,89.0,0.1246009519756057
423,R_5OlZhWhSrsDvd2F,92,71,90,1,0,764,0.2538476315103588,764.0,90.0,1.0,91.0,0.26639177806
424,R_5OlZhWhSrsDvd2F,84,58,50,5,0,605,0.3478184491389367,605.0,50.0,5.0,88.0,0.3836363953961324
425,R_5OlZhWhSrsDvd2F,85,82,60,10,0,646,0.6911384571107434,646.0,60.0,10.0,87.0,0.69816973375297
426,R_5OlZhWhSrsDvd2F,76,63,30,5,1,121,0.20552979543798508,121.0,30.0,5.0,85.0,0.3217857947397005
427,R_5OlZhWhSrsDvd2F,77,73,30,10,1,122,0.4562215221007764,122.0,30.0,10.0,84.0,0.5732435768831542
428,R_5OlZhWhSrsDvd2F,79,82,50,10,1,202,0.5314852736702118,202.0,50.0,10.0,84.0,0.6145818084377129
429,R_5OlZhWhSrsDvd2F,84,63,80,10,1,322,0.7775097976904061,322.0,80.0,10.0,90.0,0.9851169967105784
430,R_5QDktNSk646qxUo,75,100,1,1,0,408,0.03684438684227896,408.0,1.0,1.0,89.0,0.0777905487991102
431,R_5QDktNSk646qxUo,75,100,40,5,0,565,0.19335968805192794,565.0,40.0,5.0,88.0,0.3746218191734422
432,R_5QDktNSk646qxUo,84,100,80,5,0,725,0.4898116352058185,725.0,80.0,5.0,88.0,0.585821694621981
433,R_5QDktNSk646qxUo,75,100,30,10,0,526,0.401853382555399,526.0,30.0,10.0,87.0,0.6400095283147545
434,R_5QDktNSk646qxUo,75,100,40,10,0,566,0.4071726074086517,566.0,40.0,10.0,87.0,0.6484811618435852
435,R_5QDktNSk646qxUo,70,100,30,1,1,120,0.02542145961614034,120.0,30.0,1.0,86.0,0.0670469443950542
436,R_5QDktNSk646qxUo,73,100,1,20,1,7,0.7722152876033632,7.0,1.0,20.0,77.0,0.8395873942252743
437,R_5QDktNSk646qxUo,73,100,40,20,1,163,0.7909709580632034,163.0,40.0,20.0,77.0,0.8845740338622907
438,R_5QDktNSk646qxUo,73,100,70,20,1,283,0.7900414188326941,283.0,70.0,20.0,90.0,0.999990991654084
439,R_5QDktNSk646qxUo,82,100,80,20,1,323,0.985219929575196,323.0,80.0,20.0,99.0,0.999999999998143
440,R_5R2yognQuFQzOAn,86,80,70,1,0,684,0.09026943781175459,684.0,70.0,1.0,89.0,0.0956724873459808
441,R_5R2yognQuFQzOAn,77,65,60,5,0,645,0.241098466044171,645.0,60.0,5.0,88.0,0.403326466734683
442,R_5R2yognQuFQzOAn,101,90,100,5,0,805,0.9557806276778132,805.0,100.0,5.0,105.0,0.9980647641991368
443,R_5R2yognQuFQzOAn,88,100,20,20,0,487,0.8396067522239143,487.0,20.0,20.0,81.0,0.8888194751005897
444,R_5R2yognQuFQzOAn,80,100,30,20,0,527,0.8942927020686734,527.0,30.0,20.0,81.0,0.8949506732529696
445,R_5R2yognQuFQzOAn,85,75,1,1,1,4,0.07052423364161786,4.0,1.0,1.0,86.0,0.0654267493111091
446,R_5R2yognQuFQzOAn,90,60,40,1,1,160,0.0786673894500734,160.0,40.0,1.0,86.0,0.0689324350969184
447,R_5R2yognQuFQzOAn,83,50,50,1,1,200,0.06688240672226864,200.0,50.0,1.0,86.0,0.0718818910463506
448,R_5R2yognQuFQzOAn,78,100,20,20,1,83,0.8763937920428471,83.0,20.0,20.0,77.0,0.8455039260008776
449,R_5R2yognQuFQzOAn,84,100,80,20,1,323,0.9947378101695963,323.0,80.0,20.0,99.0,0.999999999998143
450,R_5R8nWrEkuwyqcQQ,85,70,80,1,0,724,0.11296213723583,724.0,80.0,1.0,89.0,0.1246009519756057
451,R_5R8nWrEkuwyqcQQ,70,65,10,5,0,445,0.12998993278884957,445.0,10.0,5.0,88.0,0.366313065476557
452,R_5R8nWrEkuwyqcQQ,80,66,30,5,0,525,0.27065168513828625,525.0,30.0,5.0,88.0,0.3697278315749148
453,R_5R8nWrEkuwyqcQQ,80,96,60,20,0,647,0.9755606285184046,647.0,60.0,20.0,81.0,0.9762783921550912
454,R_5R8nWrEkuwyqcQQ,75,60,50,5,1,201,0.19801252874920905,201.0,50.0,5.0,85.0,0.3449906874421074
455,R_5R8nWrEkuwyqcQQ,90,66,80,5,1,321,0.5750227050474939,321.0,80.0,5.0,85.0,0.6541087591371295
456,R_5R8nWrEkuwyqcQQ,105,89,100,5,1,401,0.9980647641991367,401.0,100.0,5.0,105.0,0.9991140836709028
457,R_5R8nWrEkuwyqcQQ,95,85,90,10,1,362,0.9934278953107268,362.0,90.0,10.0,100.0,0.9999618808050552
458,R_5R8nWrEkuwyqcQQ,70,82,1,20,1,7,0.6736447789301205,7.0,1.0,20.0,77.0,0.8395873942252743
459,R_5R8nWrEkuwyqcQQ,80,90,40,20,1,163,0.9061302133935166,163.0,40.0,20.0,77.0,0.8845740338622907
460,R_5SwCd9gYMpKAGqU,82,81,40,1,0,564,0.06176017812660958,564.0,40.0,1.0,89.0,0.0796799362815757
461,R_5SwCd9gYMpKAGqU,82,85,50,5,0,605,0.31578874987536515,605.0,50.0,5.0,88.0,0.3836363953961324
462,R_5SwCd9gYMpKAGqU,81,98,1,10,0,410,0.5583448640411507,410.0,1.0,10.0,87.0,0.6331042395344093
463,R_5SwCd9gYMpKAGqU,81,100,1,20,0,411,0.8852947344433568,411.0,1.0,20.0,81.0,0.8852947344433568
464,R_5SwCd9gYMpKAGqU,79,11,10,1,1,40,0.050071995542335865,40.0,10.0,1.0,86.0,0.065552834518497
465,R_5SwCd9gYMpKAGqU,76,3,50,1,1,200,0.04203353952294916,200.0,50.0,1.0,86.0,0.0718818910463506
466,R_5SwCd9gYMpKAGqU,79,88,30,10,1,122,0.512216515706707,122.0,30.0,10.0,84.0,0.5732435768831542
467,R_5SwCd9gYMpKAGqU,71,82,50,10,1,202,0.31794418047886497,202.0,50.0,10.0,84.0,0.6145818084377129
468,R_5SwCd9gYMpKAGqU,85,95,80,10,1,322,0.8234388951335802,322.0,80.0,10.0,90.0,0.9851169967105784
469,R_5SwCd9gYMpKAGqU,79,97,40,20,1,163,0.902083038972814,163.0,40.0,20.0,77.0,0.8845740338622907
470,R_5WZ7GNpmpZyhvgv,92,87,90,1,0,764,0.2538476315103588,764.0,90.0,1.0,91.0,0.26639177806
471,R_5WZ7GNpmpZyhvgv,68,85,30,5,0,525,0.11460306344040477,525.0,30.0,5.0,88.0,0.3697278315749148
472,R_5WZ7GNpmpZyhvgv,95,93,90,5,0,765,0.9207666691135774,765.0,90.0,5.0,95.0,0.9207666691135774
473,R_5WZ7GNpmpZyhvgv,90,90,90,20,0,767,0.999846664821447,767.0,90.0,20.0,99.0,0.999999999973863
474,R_5WZ7GNpmpZyhvgv,102,98,100,20,0,807,0.9999999996701263,807.0,100.0,20.0,100.0,0.9999999996701264
475,R_5WZ7GNpmpZyhvgv,77,75,60,1,1,240,0.047972023539490094,240.0,60.0,1.0,86.0,0.0780886331581517
476,R_5WZ7GNpmpZyhvgv,77,93,10,5,1,41,0.21897278126414915,41.0,10.0,5.0,85.0,0.3146149484260559
477,R_5WZ7GNpmpZyhvgv,82,73,70,5,1,281,0.3702610323930571,281.0,70.0,5.0,85.0,0.4469014203471465
478,R_5WZ7GNpmpZyhvgv,68,85,40,10,1,162,0.25088098601993314,162.0,40.0,10.0,84.0,0.5893643030977304
479,R_5WZ7GNpmpZyhvgv,91,70,90,20,1,363,0.9999424694076828,363.0,90.0,20.0,99.0,0.999999999994631
480,R_5Yg0mFiBSgbepF0,70,70,30,1,0,524,0.02542145961614034,524.0,30.0,1.0,89.0,0.0786390128754754
481,R_5Yg0mFiBSgbepF0,70,81,20,10,0,486,0.28361287763693366,486.0,20.0,10.0,87.0,0.6356249009215531
482,R_5Yg0mFiBSgbepF0,80,81,60,20,0,647,0.9755606285184046,647.0,60.0,20.0,81.0,0.9762783921550912
483,R_5Yg0mFiBSgbepF0,101,98,100,20,0,807,0.9999999996701263,807.0,100.0,20.0,100.0,0.9999999996701264
484,R_5Yg0mFiBSgbepF0,80,85,1,1,1,4,0.05336117598691767,4.0,1.0,1.0,86.0,0.0654267493111091
485,R_5Yg0mFiBSgbepF0,85,93,70,1,1,280,0.08673584329745526,280.0,70.0,1.0,86.0,0.0931159024727114
486,R_5Yg0mFiBSgbepF0,95,94,90,1,1,360,0.19240550510153653,360.0,90.0,1.0,91.0,0.325768927048
487,R_5Yg0mFiBSgbepF0,75,80,1,10,1,6,0.39751764452160676,6.0,1.0,10.0,84.0,0.5593910973473719
488,R_5Yg0mFiBSgbepF0,78,91,10,10,1,42,0.47977170937790115,42.0,10.0,10.0,84.0,0.560469111206575
489,R_5Yg0mFiBSgbepF0,75,80,30,20,1,123,0.833359107851755,123.0,30.0,20.0,77.0,0.8603785138053988
490,R_5anm7bHNeZAlflv,79,63,60,1,0,644,0.05513142431371335,644.0,60.0,1.0,89.0,0.0857852520202882
491,R_5anm7bHNeZAlflv,98,70,90,5,0,765,0.5902511575095389,765.0,90.0,5.0,95.0,0.9207666691135774
492,R_5anm7bHNeZAlflv,85,79,10,10,0,446,0.6277124557251459,446.0,10.0,10.0,87.0,0.6340984698190886
493,R_5anm7bHNeZAlflv,75,36,30,10,0,526,0.401853382555399,526.0,30.0,10.0,87.0,0.6400095283147545
494,R_5anm7bHNeZAlflv,90,51,40,20,0,567,0.8327967173061541,567.0,40.0,20.0,81.0,0.906796893964938
495,R_5anm7bHNeZAlflv,90,41,80,20,0,727,0.9999313038099518,727.0,80.0,20.0,99.0,0.9999999999882904
496,R_5anm7bHNeZAlflv,95,51,90,1,1,360,0.19240550510153653,360.0,90.0,1.0,91.0,0.325768927048
497,R_5anm7bHNeZAlflv,82,81,1,20,1,7,0.8831605003093994,7.0,1.0,20.0,77.0,0.8395873942252743
498,R_5anm7bHNeZAlflv,85,67,50,20,1,203,0.9072311141181401,203.0,50.0,20.0,77.0,0.9224228657397676
499,R_5anm7bHNeZAlflv,85,88,70,20,1,283,0.9977392058242877,283.0,70.0,20.0,90.0,0.999990991654084
500,R_5e2fiUHDhFQlIGQ,88,86,80,1,0,724,0.1238312613333066,724.0,80.0,1.0,89.0,0.1246009519756057
501,R_5e2fiUHDhFQlIGQ,56,69,1,10,0,410,0.10704162324236634,410.0,1.0,10.0,87.0,0.6331042395344093
502,R_5e2fiUHDhFQlIGQ,65,73,40,10,0,566,0.20243975815485765,566.0,40.0,10.0,87.0,0.6484811618435852
503,R_5e2fiUHDhFQlIGQ,63,96,50,20,0,607,0.43729383470692534,607.0,50.0,20.0,81.0,0.928617272012275
504,R_5e2fiUHDhFQlIGQ,82,91,70,20,0,687,0.9886514021099404,687.0,70.0,20.0,90.0,0.9999472529280962
505,R_5e2fiUHDhFQlIGQ,95,93,90,20,0,767,0.9999996861885756,767.0,90.0,20.0,99.0,0.999999999973863
506,R_5e2fiUHDhFQlIGQ,82,80,20,1,1,80,0.060535770986809914,80.0,20.0,1.0,86.0,0.0658878084503197
507,R_5e2fiUHDhFQlIGQ,78,84,70,5,1,281,0.2884587460768436,281.0,70.0,5.0,85.0,0.4469014203471465
508,R_5e2fiUHDhFQlIGQ,75,83,1,10,1,6,0.39751764452160676,6.0,1.0,10.0,84.0,0.5593910973473719
509,R_5e2fiUHDhFQlIGQ,50,80,30,20,1,123,0.17803942327648592,123.0,30.0,20.0,77.0,0.8603785138053988
510,R_5fVRoiHzhT6dvd8,82,29,30,1,0,524,0.06095335500429021,524.0,30.0,1.0,89.0,0.0786390128754754
511,R_5fVRoiHzhT6dvd8,88,73,50,1,0,604,0.081093239071525,604.0,50.0,1.0,89.0,0.0815972855182383
512,R_5fVRoiHzhT6dvd8,82,86,50,10,0,606,0.609321328895898,606.0,50.0,10.0,87.0,0.6640856529949967
513,R_5fVRoiHzhT6dvd8,103,64,100,20,0,807,0.9999999996701263,807.0,100.0,20.0,100.0,0.9999999996701264
514,R_5fVRoiHzhT6dvd8,87,40,80,1,1,320,0.1212171670589039,320.0,80.0,1.0,86.0,0.136289402202049
515,R_5fVRoiHzhT6dvd8,76,81,40,5,1,161,0.20825033791301814,161.0,40.0,5.0,85.0,0.330835038213031
516,R_5fVRoiHzhT6dvd8,78,62,30,10,1,122,0.48424413562347723,122.0,30.0,10.0,84.0,0.5732435768831542
517,R_5fVRoiHzhT6dvd8,82,51,50,10,1,202,0.609321328895898,202.0,50.0,10.0,84.0,0.6145818084377129
518,R_5fVRoiHzhT6dvd8,93,51,90,10,1,362,0.9799037890198978,362.0,90.0,10.0,100.0,0.9999618808050552
519,R_5fVRoiHzhT6dvd8,78,100,40,20,1,163,0.8941198868585416,163.0,40.0,20.0,77.0,0.8845740338622907
520,R_5p0hSuk9LAjMqgs,25,68,20,1,0,484,0.0013455745598893864,484.0,20.0,1.0,89.0,0.0781002665681571
521,R_5p0hSuk9LAjMqgs,75,70,50,5,0,605,0.19801252874920905,605.0,50.0,5.0,88.0,0.3836363953961324
522,R_5p0hSuk9LAjMqgs,92,53,90,10,0,766,0.9670097463045555,766.0,90.0,10.0,100.0,0.999846664821447
523,R_5p0hSuk9LAjMqgs,77,88,50,20,0,607,0.9031315780065423,607.0,50.0,20.0,81.0,0.928617272012275
524,R_5p0hSuk9LAjMqgs,78,93,70,20,0,687,0.9430265650520073,687.0,70.0,20.0,90.0,0.9999472529280962
525,R_5p0hSuk9LAjMqgs,65,77,20,10,1,82,0.19842635189887203,82.0,20.0,10.0,84.0,0.5633330993655171
526,R_5p0hSuk9LAjMqgs,55,68,1,20,1,7,0.24670040143911753,7.0,1.0,20.0,77.0,0.8395873942252743
527,R_5p0hSuk9LAjMqgs,67,63,40,20,1,163,0.5797274491653706,163.0,40.0,20.0,77.0,0.8845740338622907
528,R_5p0hSuk9LAjMqgs,70,87,50,20,1,203,0.706610072981774,203.0,50.0,20.0,77.0,0.9224228657397676
529,R_5p0hSuk9LAjMqgs,115,63,100,20,1,403,0.9999999996701263,403.0,100.0,20.0,100.0,0.9999999998752214
530,R_5paKi07CKi8nD2M,105,100,100,1,0,804,0.10402142740092682,804.0,100.0,1.0,101.0,0.583631619088
531,R_5paKi07CKi8nD2M,80,11,10,5,0,445,0.26815197556831205,445.0,10.0,5.0,88.0,0.366313065476557
532,R_5paKi07CKi8nD2M,75,12,10,20,0,447,0.8256622936380996,447.0,10.0,20.0,81.0,0.8866850060303835
533,R_5paKi07CKi8nD2M,105,100,100,20,0,807,0.9999999996701263,807.0,100.0,20.0,100.0,0.9999999996701264
534,R_5paKi07CKi8nD2M,70,84,50,1,1,200,0.026377773864904044,200.0,50.0,1.0,86.0,0.0718818910463506
535,R_5paKi07CKi8nD2M,75,6,1,5,1,5,0.18877470227925222,5.0,1.0,5.0,85.0,0.3140098137844954
536,R_5paKi07CKi8nD2M,85,5,60,5,1,241,0.38003179449380176,241.0,60.0,5.0,85.0,0.3747793893913287
537,R_5paKi07CKi8nD2M,85,3,70,5,1,281,0.42383260751136786,281.0,70.0,5.0,85.0,0.4469014203471465
538,R_5paKi07CKi8nD2M,80,12,40,20,1,163,0.9061302133935166,163.0,40.0,20.0,77.0,0.8845740338622907
539,R_5paKi07CKi8nD2M,80,93,70,20,1,283,0.9727438527747904,283.0,70.0,20.0,90.0,0.999990991654084
540,R_5wnIErTB11UpOQk,76,60,40,1,0,564,0.041045847660325374,564.0,40.0,1.0,89.0,0.0796799362815757
541,R_5wnIErTB11UpOQk,80,70,30,5,0,525,0.27065168513828625,525.0,30.0,5.0,88.0,0.3697278315749148
542,R_5wnIErTB11UpOQk,76,80,10,10,0,446,0.4246896057312067,446.0,10.0,10.0,87.0,0.6340984698190886
543,R_5wnIErTB11UpOQk,80,90,40,10,0,566,0.5463447112010997,566.0,40.0,10.0,87.0,0.6484811618435852
544,R_5wnIErTB11UpOQk,78,100,60,20,0,647,0.9489144621295316,647.0,60.0,20.0,81.0,0.9762783921550912
545,R_5wnIErTB11UpOQk,101,100,100,20,0,807,0.9999999996701263,807.0,100.0,20.0,100.0,0.9999999996701264
546,R_5wnIErTB11UpOQk,75,40,30,1,1,120,0.03724624978236574,120.0,30.0,1.0,86.0,0.0670469443950542
547,R_5wnIErTB11UpOQk,102,50,100,1,1,400,0.4036507025571697,400.0,100.0,1.0,101.0,0.644110682998
548,R_5wnIErTB11UpOQk,76,60,10,10,1,42,0.4246896057312067,42.0,10.0,10.0,84.0,0.560469111206575
549,R_5wnIErTB11UpOQk,101,100,100,20,1,403,0.9999999996701263,403.0,100.0,20.0,100.0,0.9999999998752214
550,R_60dERYEh0vNlOZK,104,1,80,1,0,724,0.0060589786685572525,724.0,80.0,1.0,89.0,0.1246009519756057
551,R_60dERYEh0vNlOZK,77,18,10,5,0,445,0.21897278126414915,445.0,10.0,5.0,88.0,0.366313065476557
552,R_60dERYEh0vNlOZK,77,42,60,5,0,645,0.241098466044171,645.0,60.0,5.0,88.0,0.403326466734683
553,R_60dERYEh0vNlOZK,74,63,20,10,0,486,0.3735892257632808,486.0,20.0,10.0,87.0,0.6356249009215531
554,R_60dERYEh0vNlOZK,74,2,10,1,1,40,0.03409296401698684,40.0,10.0,1.0,86.0,0.065552834518497
555,R_60dERYEh0vNlOZK,102,2,90,1,1,360,0.031982589678249185,360.0,90.0,1.0,91.0,0.325768927048
556,R_60dERYEh0vNlOZK,74,25,30,5,1,121,0.17700806696424112,121.0,30.0,5.0,85.0,0.3217857947397005
557,R_60dERYEh0vNlOZK,73,58,10,10,1,42,0.34845647356856285,42.0,10.0,10.0,84.0,0.560469111206575
558,R_60dERYEh0vNlOZK,102,86,70,20,1,283,0.6979004972630042,283.0,70.0,20.0,90.0,0.999990991654084
559,R_60dERYEh0vNlOZK,102,34,90,20,1,363,0.999999999973863,363.0,90.0,20.0,99.0,0.999999999994631
560,R_60pFHPbbCH20M6H,82,73,20,1,0,484,0.060535770986809914,484.0,20.0,1.0,89.0,0.0781002665681571
561,R_60pFHPbbCH20M6H,86,65,30,1,0,524,0.07419791916425716,524.0,30.0,1.0,89.0,0.0786390128754754
562,R_60pFHPbbCH20M6H,84,65,60,1,0,644,0.07413660874855368,644.0,60.0,1.0,89.0,0.0857852520202882
563,R_60pFHPbbCH20M6H,75,75,1,5,0,409,0.18877470227925222,409.0,1.0,5.0,88.0,0.365738707453781
564,R_60pFHPbbCH20M6H,90,46,60,10,0,646,0.6640405370594179,646.0,60.0,10.0,87.0,0.69816973375297
565,R_60pFHPbbCH20M6H,75,81,10,1,1,40,0.036902247464482306,40.0,10.0,1.0,86.0,0.065552834518497
566,R_60pFHPbbCH20M6H,70,70,1,5,1,5,0.1297861159780016,5.0,1.0,5.0,85.0,0.3140098137844954
567,R_60pFHPbbCH20M6H,85,69,40,5,1,161,0.35298502314917185,161.0,40.0,5.0,85.0,0.330835038213031
568,R_60pFHPbbCH20M6H,85,80,70,10,1,282,0.7707960719939383,282.0,70.0,10.0,84.0,0.796130136574837
569,R_60pFHPbbCH20M6H,101,75,100,10,1,402,0.9992739092036951,402.0,100.0,10.0,109.0,0.9999999998752214
570,R_614cWOr27DxJlft,95,89,90,1,0,764,0.19240550510153653,764.0,90.0,1.0,91.0,0.26639177806
571,R_614cWOr27DxJlft,60,64,10,10,0,446,0.1404753663163997,446.0,10.0,10.0,87.0,0.6340984698190886
572,R_614cWOr27DxJlft,63,29,20,10,0,486,0.17261757667933214,486.0,20.0,10.0,87.0,0.6356249009215531
573,R_614cWOr27DxJlft,67,68,20,20,0,487,0.5682342435201282,487.0,20.0,20.0,81.0,0.8888194751005897
574,R_614cWOr27DxJlft,73,58,30,5,1,121,0.16397068789740002,121.0,30.0,5.0,85.0,0.3217857947397005
575,R_614cWOr27DxJlft,84,44,50,5,1,201,0.3478184491389367,201.0,50.0,5.0,85.0,0.3449906874421074
576,R_614cWOr27DxJlft,45,48,1,10,1,6,0.04906093759749158,6.0,1.0,10.0,84.0,0.5593910973473719
577,R_614cWOr27DxJlft,50,42,1,20,1,7,0.1761184930752629,7.0,1.0,20.0,77.0,0.8395873942252743
578,R_614cWOr27DxJlft,80,86,60,20,1,243,0.9755606285184046,243.0,60.0,20.0,80.0,0.991472606340761
579,R_614cWOr27DxJlft,102,19,100,20,1,403,0.9999999996701263,403.0,100.0,20.0,100.0,0.9999999998752214
580,R_62q2xVxI9lOdaJH,89,100,40,20,0,567,0.8451453327574515,567.0,40.0,20.0,81.0,0.906796893964938
581,R_62q2xVxI9lOdaJH,79,84,1,5,1,5,0.2509613654258778,5.0,1.0,5.0,85.0,0.3140098137844954
582,R_62q2xVxI9lOdaJH,82,59,20,5,1,81,0.3022549756140905,81.0,20.0,5.0,85.0,0.3162226257608132
583,R_62q2xVxI9lOdaJH,86,81,30,5,1,121,0.3589049544141693,121.0,30.0,5.0,85.0,0.3217857947397005
584,R_62q2xVxI9lOdaJH,85,91,40,5,1,161,0.35298502314917185,161.0,40.0,5.0,85.0,0.330835038213031
585,R_62q2xVxI9lOdaJH,89,64,50,5,1,201,0.3826420416289418,201.0,50.0,5.0,85.0,0.3449906874421074
586,R_62q2xVxI9lOdaJH,79,100,1,10,1,6,0.5066900308615038,6.0,1.0,10.0,84.0,0.5593910973473719
587,R_62q2xVxI9lOdaJH,83,93,60,10,1,242,0.6619745579060885,242.0,60.0,10.0,84.0,0.667648731637014
588,R_62q2xVxI9lOdaJH,80,100,20,20,1,83,0.888166011596806,83.0,20.0,20.0,77.0,0.8455039260008776
589,R_62q2xVxI9lOdaJH,88,100,70,20,1,283,0.999710591648003,283.0,70.0,20.0,90.0,0.999990991654084
590,R_68j6G8xJJyaBNMR,60,30,1,1,0,408,0.013398323239838156,408.0,1.0,1.0,89.0,0.0777905487991102
591,R_68j6G8xJJyaBNMR,78,40,40,5,0,565,0.24024016877650145,565.0,40.0,5.0,88.0,0.3746218191734422
592,R_68j6G8xJJyaBNMR,86,85,80,5,0,725,0.5686731986270055,725.0,80.0,5.0,88.0,0.585821694621981
593,R_68j6G8xJJyaBNMR,78,75,50,10,0,606,0.5024606178306191,606.0,50.0,10.0,87.0,0.6640856529949967
594,R_68j6G8xJJyaBNMR,82,90,70,10,0,686,0.7144267944477032,686.0,70.0,10.0,87.0,0.7786377430240639
595,R_68j6G8xJJyaBNMR,99,90,90,10,0,766,0.9996265227857662,766.0,90.0,10.0,100.0,0.999846664821447
596,R_68j6G8xJJyaBNMR,77,88,50,20,0,607,0.9031315780065423,607.0,50.0,20.0,81.0,0.928617272012275
597,R_68j6G8xJJyaBNMR,99,100,90,20,0,767,0.999999999973863,767.0,90.0,20.0,99.0,0.999999999973863
598,R_68j6G8xJJyaBNMR,75,63,30,10,1,122,0.401853382555399,122.0,30.0,10.0,84.0,0.5732435768831542
599,R_68j6G8xJJyaBNMR,70,50,20,20,1,83,0.6763268497122547,83.0,20.0,20.0,77.0,0.8455039260008776
600,R_6DdKGmFhJDHqPw4,75,0,1,5,0,409,0.18877470227925222,409.0,1.0,5.0,88.0,0.365738707453781
601,R_6DdKGmFhJDHqPw4,75,9,30,5,0,525,0.1908336741708646,525.0,30.0,5.0,88.0,0.3697278315749148
602,R_6DdKGmFhJDHqPw4,75,29,40,5,0,565,0.19335968805192794,565.0,40.0,5.0,88.0,0.3746218191734422
603,R_6DdKGmFhJDHqPw4,101,99,100,5,0,805,0.9557806276778132,805.0,100.0,5.0,105.0,0.9980647641991368
604,R_6DdKGmFhJDHqPw4,75,39,40,10,0,566,0.4071726074086517,566.0,40.0,10.0,87.0,0.6484811618435852
605,R_6DdKGmFhJDHqPw4,75,61,70,10,0,686,0.4229105684721366,686.0,70.0,10.0,87.0,0.7786377430240639
606,R_6DdKGmFhJDHqPw4,72,75,60,20,0,647,0.7737199274930788,647.0,60.0,20.0,81.0,0.9762783921550912
607,R_6DdKGmFhJDHqPw4,75,61,60,10,1,242,0.43837139400908076,242.0,60.0,10.0,84.0,0.667648731637014
608,R_6DdKGmFhJDHqPw4,75,5,10,20,1,43,0.8256622936380996,43.0,10.0,20.0,77.0,0.8412053800160368
609,R_6DdKGmFhJDHqPw4,75,77,50,20,1,203,0.864708731406401,203.0,50.0,20.0,77.0,0.9224228657397676
610,R_6I3BBgG4eZPiDTz,92,0,60,5,0,645,0.366173181157174,645.0,60.0,5.0,88.0,0.403326466734683
611,R_6I3BBgG4eZPiDTz,82,0,20,10,0,486,0.5832076142017817,486.0,20.0,10.0,87.0,0.6356249009215531
612,R_6I3BBgG4eZPiDTz,90,0,50,10,0,606,0.6316226160331977,606.0,50.0,10.0,87.0,0.6640856529949967
613,R_6I3BBgG4eZPiDTz,90,0,60,20,0,647,0.8966080999778182,647.0,60.0,20.0,81.0,0.9762783921550912
614,R_6I3BBgG4eZPiDTz,65,0,1,1,1,4,0.018608221319101035,4.0,1.0,1.0,86.0,0.0654267493111091
615,R_6I3BBgG4eZPiDTz,75,0,20,1,1,80,0.03699108025774975,80.0,20.0,1.0,86.0,0.0658878084503197
616,R_6I3BBgG4eZPiDTz,87,0,70,1,1,280,0.09307431201512088,280.0,70.0,1.0,86.0,0.0931159024727114
617,R_6I3BBgG4eZPiDTz,95,0,90,5,1,361,0.9207666691135774,361.0,90.0,5.0,95.0,0.9569720145202464
618,R_6I3BBgG4eZPiDTz,85,0,50,10,1,202,0.657397637581837,202.0,50.0,10.0,84.0,0.6145818084377129
619,R_6I3BBgG4eZPiDTz,87,0,70,10,1,282,0.7786377430240639,282.0,70.0,10.0,84.0,0.796130136574837
620,R_6LTfiwsvDZSPjd3,90,91,60,1,0,644,0.08469512081315711,644.0,60.0,1.0,89.0,0.0857852520202882
621,R_6LTfiwsvDZSPjd3,40,81,30,10,0,526,0.036254547243506574,526.0,30.0,10.0,87.0,0.6400095283147545
622,R_6LTfiwsvDZSPjd3,97,60,90,10,0,766,0.9982303213295859,766.0,90.0,10.0,100.0,0.999846664821447
623,R_6LTfiwsvDZSPjd3,65,91,1,20,0,411,0.4972827070649834,411.0,1.0,20.0,81.0,0.8852947344433568
624,R_6LTfiwsvDZSPjd3,75,70,50,1,1,200,0.038647393537198496,200.0,50.0,1.0,86.0,0.0718818910463506
625,R_6LTfiwsvDZSPjd3,75,80,60,1,1,240,0.0406309642956786,240.0,60.0,1.0,86.0,0.0780886331581517
626,R_6LTfiwsvDZSPjd3,75,61,10,5,1,41,0.18907115508159866,41.0,10.0,5.0,85.0,0.3146149484260559
627,R_6LTfiwsvDZSPjd3,67,71,50,5,1,201,0.1115030141218888,201.0,50.0,5.0,85.0,0.3449906874421074
628,R_6LTfiwsvDZSPjd3,85,60,80,5,1,321,0.551986760658191,321.0,80.0,5.0,85.0,0.6541087591371295
629,R_6LTfiwsvDZSPjd3,102,91,100,10,1,402,0.999754794781543,402.0,100.0,10.0,109.0,0.9999999998752214
630,R_6NCDAkj1vj6nkqA,80,60,20,10,0,486,0.5355133246106166,486.0,20.0,10.0,87.0,0.6356249009215531
631,R_6NCDAkj1vj6nkqA,80,90,70,10,0,686,0.6560014968412707,686.0,70.0,10.0,87.0,0.7786377430240639
632,R_6NCDAkj1vj6nkqA,102,95,100,10,0,806,0.999754794781543,806.0,100.0,10.0,109.0,0.9999999996701264
633,R_6NCDAkj1vj6nkqA,75,80,40,20,0,567,0.8443900576224923,567.0,40.0,20.0,81.0,0.906796893964938
634,R_6NCDAkj1vj6nkqA,75,50,40,5,1,161,0.19335968805192794,161.0,40.0,5.0,85.0,0.330835038213031
635,R_6NCDAkj1vj6nkqA,75,70,40,10,1,162,0.4071726074086517,162.0,40.0,10.0,84.0,0.5893643030977304
636,R_6NCDAkj1vj6nkqA,70,75,50,10,1,202,0.29631193298161534,202.0,50.0,10.0,84.0,0.6145818084377129
637,R_6NCDAkj1vj6nkqA,85,97,80,10,1,322,0.8234388951335802,322.0,80.0,10.0,90.0,0.9851169967105784
638,R_6NCDAkj1vj6nkqA,73,90,60,20,1,243,0.8117395052756918,243.0,60.0,20.0,80.0,0.991472606340761
639,R_6NCDAkj1vj6nkqA,85,97,80,20,1,323,0.9970556100888656,323.0,80.0,20.0,99.0,0.999999999998143
640,R_6drlLDOyR308bYZ,75,50,1,1,0,408,0.03684438684227896,408.0,1.0,1.0,89.0,0.0777905487991102
641,R_6drlLDOyR308bYZ,75,20,20,1,0,484,0.03699108025774975,484.0,20.0,1.0,89.0,0.0781002665681571
642,R_6drlLDOyR308bYZ,78,80,40,5,0,565,0.24024016877650145,565.0,40.0,5.0,88.0,0.3746218191734422
643,R_6drlLDOyR308bYZ,77,80,10,20,0,447,0.8623501337162026,447.0,10.0,20.0,81.0,0.8866850060303835
644,R_6drlLDOyR308bYZ,75,90,50,20,0,607,0.864708731406401,607.0,50.0,20.0,81.0,0.928617272012275
645,R_6drlLDOyR308bYZ,75,80,50,10,1,202,0.416970457713728,202.0,50.0,10.0,84.0,0.6145818084377129
646,R_6drlLDOyR308bYZ,77,85,70,10,1,282,0.5131800062838912,282.0,70.0,10.0,84.0,0.796130136574837
647,R_6drlLDOyR308bYZ,92,95,90,10,1,362,0.9670097463045555,362.0,90.0,10.0,100.0,0.9999618808050552
648,R_6drlLDOyR308bYZ,75,91,1,20,1,7,0.824367702188467,7.0,1.0,20.0,77.0,0.8395873942252743
649,R_6drlLDOyR308bYZ,84,95,80,20,1,323,0.9947378101695963,323.0,80.0,20.0,99.0,0.999999999998143
650,R_6iPeRbXmbKMAXOu,82,80,10,1,0,444,0.060390396437272946,444.0,10.0,1.0,89.0,0.0779127114931001
651,R_6iPeRbXmbKMAXOu,90,75,30,5,0,525,0.3629122987340703,525.0,30.0,5.0,88.0,0.3697278315749148
652,R_6iPeRbXmbKMAXOu,85,80,60,20,0,647,0.9537945934227916,647.0,60.0,20.0,81.0,0.9762783921550912
653,R_6iPeRbXmbKMAXOu,90,80,80,20,0,727,0.9999313038099518,727.0,80.0,20.0,99.0,0.9999999999882904
654,R_6iPeRbXmbKMAXOu,85,81,70,1,1,280,0.08673584329745526,280.0,70.0,1.0,86.0,0.0931159024727114
655,R_6iPeRbXmbKMAXOu,85,70,40,5,1,161,0.35298502314917185,161.0,40.0,5.0,85.0,0.330835038213031
656,R_6iPeRbXmbKMAXOu,85,80,70,5,1,281,0.42383260751136786,281.0,70.0,5.0,85.0,0.4469014203471465
657,R_6iPeRbXmbKMAXOu,85,75,80,5,1,321,0.551986760658191,321.0,80.0,5.0,85.0,0.6541087591371295
658,R_6iPeRbXmbKMAXOu,98,80,90,5,1,361,0.5902511575095389,361.0,90.0,5.0,95.0,0.9569720145202464
659,R_6iPeRbXmbKMAXOu,80,80,10,20,1,43,0.8860331117964867,43.0,10.0,20.0,77.0,0.8412053800160368
660,R_6mKPBAPLR4tFvuH,85,49,30,10,0,526,0.6335639838723567,526.0,30.0,10.0,87.0,0.6400095283147545
661,R_6mKPBAPLR4tFvuH,89,42,50,10,0,606,0.6477642702265397,606.0,50.0,10.0,87.0,0.6640856529949967
662,R_6mKPBAPLR4tFvuH,102,100,100,20,0,807,0.9999999996701263,807.0,100.0,20.0,100.0,0.9999999996701264
663,R_6mKPBAPLR4tFvuH,75,0,10,1,1,40,0.036902247464482306,40.0,10.0,1.0,86.0,0.065552834518497
664,R_6mKPBAPLR4tFvuH,92,38,90,1,1,360,0.2538476315103588,360.0,90.0,1.0,91.0,0.325768927048
665,R_6mKPBAPLR4tFvuH,86,17,80,5,1,321,0.5686731986270055,321.0,80.0,5.0,85.0,0.6541087591371295
666,R_6mKPBAPLR4tFvuH,68,25,10,10,1,42,0.24531668566852655,42.0,10.0,10.0,84.0,0.560469111206575
667,R_6mKPBAPLR4tFvuH,83,85,80,10,1,322,0.7265562983192071,322.0,80.0,10.0,90.0,0.9851169967105784
668,R_6mKPBAPLR4tFvuH,101,100,100,10,1,402,0.9992739092036951,402.0,100.0,10.0,109.0,0.9999999998752214
669,R_6mKPBAPLR4tFvuH,75,81,20,20,1,83,0.8276498660186182,83.0,20.0,20.0,77.0,0.8455039260008776
670,R_6maeF7LREylfVJj,80,28,1,1,0,408,0.05336117598691767,408.0,1.0,1.0,89.0,0.0777905487991102
671,R_6maeF7LREylfVJj,87,45,70,1,0,684,0.09307431201512088,684.0,70.0,1.0,89.0,0.0956724873459808
672,R_6maeF7LREylfVJj,87,57,70,5,0,685,0.44554036701969857,685.0,70.0,5.0,88.0,0.449812122436234
673,R_6maeF7LREylfVJj,82,79,60,10,0,646,0.640594640234548,646.0,60.0,10.0,87.0,0.69816973375297
674,R_6maeF7LREylfVJj,85,75,40,20,0,567,0.885913261776812,567.0,40.0,20.0,81.0,0.906796893964938
675,R_6maeF7LREylfVJj,82,74,60,20,0,647,0.9739248181557014,647.0,60.0,20.0,81.0,0.9762783921550912
676,R_6maeF7LREylfVJj,103,27,100,1,1,400,0.2681275811888864,400.0,100.0,1.0,101.0,0.644110682998
677,R_6maeF7LREylfVJj,88,69,1,10,1,6,0.6279862841298739,6.0,1.0,10.0,84.0,0.5593910973473719
678,R_6maeF7LREylfVJj,85,68,30,10,1,122,0.6335639838723567,122.0,30.0,10.0,84.0,0.5732435768831542
679,R_6maeF7LREylfVJj,103,61,100,10,1,402,0.9999269364462616,402.0,100.0,10.0,109.0,0.9999999998752214
680,R_6pVztzaK07rgxns,90,70,1,1,0,408,0.07680201169198941,408.0,1.0,1.0,89.0,0.0777905487991102
681,R_6pVztzaK07rgxns,100,81,100,5,0,805,0.9170537876453282,805.0,100.0,5.0,105.0,0.9980647641991368
682,R_6pVztzaK07rgxns,80,78,40,10,0,566,0.5463447112010997,566.0,40.0,10.0,87.0,0.6484811618435852
683,R_6pVztzaK07rgxns,89,61,60,10,0,646,0.681010658849691,646.0,60.0,10.0,87.0,0.69816973375297
684,R_6pVztzaK07rgxns,75,77,10,20,0,447,0.8256622936380996,447.0,10.0,20.0,81.0,0.8866850060303835
685,R_6pVztzaK07rgxns,93,69,80,20,0,727,0.9999974064205661,727.0,80.0,20.0,99.0,0.9999999999882904
686,R_6pVztzaK07rgxns,80,67,30,1,1,120,0.053943188089884284,120.0,30.0,1.0,86.0,0.0670469443950542
687,R_6pVztzaK07rgxns,84,81,20,5,1,81,0.33291197645296905,81.0,20.0,5.0,85.0,0.3162226257608132
688,R_6pVztzaK07rgxns,90,80,1,10,1,6,0.6021556921053443,6.0,1.0,10.0,84.0,0.5593910973473719
689,R_6pVztzaK07rgxns,90,79,50,20,1,203,0.8528364189517402,203.0,50.0,20.0,77.0,0.9224228657397676
690,R_6swwWOPvRVUw1yN,90,60,70,10,0,686,0.7405749634448874,686.0,70.0,10.0,87.0,0.7786377430240639
691,R_6swwWOPvRVUw1yN,93,100,90,10,0,766,0.9799037890198978,766.0,90.0,10.0,100.0,0.999846664821447
692,R_6swwWOPvRVUw1yN,88,75,50,20,0,607,0.8772009993649386,607.0,50.0,20.0,81.0,0.928617272012275
693,R_6swwWOPvRVUw1yN,91,100,80,20,0,727,0.9999742255329751,727.0,80.0,20.0,99.0,0.9999999999882904
694,R_6swwWOPvRVUw1yN,89,0,10,1,1,40,0.07791271149310013,40.0,10.0,1.0,86.0,0.065552834518497
695,R_6swwWOPvRVUw1yN,95,0,90,1,1,360,0.19240550510153653,360.0,90.0,1.0,91.0,0.325768927048
696,R_6swwWOPvRVUw1yN,90,10,20,5,1,81,0.3604260307396717,81.0,20.0,5.0,85.0,0.3162226257608132
697,R_6swwWOPvRVUw1yN,85,25,60,5,1,241,0.38003179449380176,241.0,60.0,5.0,85.0,0.3747793893913287
698,R_6swwWOPvRVUw1yN,79,70,20,10,1,82,0.5087073826912478,82.0,20.0,10.0,84.0,0.5633330993655171
699,R_6swwWOPvRVUw1yN,96,100,90,20,1,363,0.9999999458772574,363.0,90.0,20.0,99.0,0.999999999994631
700,R_6v5QRWGFF1nhe7o,79,30,1,1,0,408,0.04999348550524853,408.0,1.0,1.0,89.0,0.0777905487991102
701,R_6v5QRWGFF1nhe7o,78,25,50,1,0,604,0.04906353980795346,604.0,50.0,1.0,89.0,0.0815972855182383
702,R_6v5QRWGFF1nhe7o,92,46,90,1,0,764,0.2538476315103588,764.0,90.0,1.0,91.0,0.26639177806
703,R_6v5QRWGFF1nhe7o,79,45,1,5,0,409,0.2509613654258778,409.0,1.0,5.0,88.0,0.365738707453781
704,R_6v5QRWGFF1nhe7o,80,50,40,5,0,565,0.2742342285052412,565.0,40.0,5.0,88.0,0.3746218191734422
705,R_6v5QRWGFF1nhe7o,79,85,40,10,0,566,0.5189965875908051,566.0,40.0,10.0,87.0,0.6484811618435852
706,R_6v5QRWGFF1nhe7o,80,80,50,10,0,606,0.5594914789303593,606.0,50.0,10.0,87.0,0.6640856529949967
707,R_6v5QRWGFF1nhe7o,80,85,60,10,0,646,0.588207281877248,646.0,60.0,10.0,87.0,0.69816973375297
708,R_6v5QRWGFF1nhe7o,83,96,80,20,0,727,0.9909966314203081,727.0,80.0,20.0,99.0,0.9999999999882904
709,R_6v5QRWGFF1nhe7o,80,95,70,20,1,283,0.9727438527747904,283.0,70.0,20.0,90.0,0.999990991654084
710,R_70Zaeq5R1Z7g5Tr,89,58,40,5,0,565,0.37365083044130615,565.0,40.0,5.0,88.0,0.3746218191734422
711,R_70Zaeq5R1Z7g5Tr,100,61,100,10,0,806,0.9980647641991367,806.0,100.0,10.0,109.0,0.9999999996701264
712,R_70Zaeq5R1Z7g5Tr,90,59,60,20,0,647,0.8966080999778182,647.0,60.0,20.0,81.0,0.9762783921550912
713,R_70Zaeq5R1Z7g5Tr,98,51,90,20,0,767,0.9999999993781347,767.0,90.0,20.0,99.0,0.999999999973863
714,R_70Zaeq5R1Z7g5Tr,78,49,1,5,1,5,0.23454354314081233,5.0,1.0,5.0,85.0,0.3140098137844954
715,R_70Zaeq5R1Z7g5Tr,90,90,60,5,1,241,0.3958915793801049,241.0,60.0,5.0,85.0,0.3747793893913287
716,R_70Zaeq5R1Z7g5Tr,92,92,30,10,1,122,0.5643185951665997,122.0,30.0,10.0,84.0,0.5732435768831542
717,R_70Zaeq5R1Z7g5Tr,92,51,60,10,1,242,0.6156004651629996,242.0,60.0,10.0,84.0,0.667648731637014
718,R_70Zaeq5R1Z7g5Tr,100,51,90,10,1,362,0.999846664821447,362.0,90.0,10.0,100.0,0.9999618808050552
719,R_70Zaeq5R1Z7g5Tr,89,51,40,20,1,163,0.8451453327574515,163.0,40.0,20.0,77.0,0.8845740338622907
720,R_71BDK9hFaUbdtMS,80,84,60,1,0,644,0.0588452196417599,644.0,60.0,1.0,89.0,0.0857852520202882
721,R_71BDK9hFaUbdtMS,80,85,30,10,0,526,0.5392073686751393,526.0,30.0,10.0,87.0,0.6400095283147545
722,R_71BDK9hFaUbdtMS,80,80,50,10,0,606,0.5594914789303593,606.0,50.0,10.0,87.0,0.6640856529949967
723,R_71BDK9hFaUbdtMS,102,84,100,20,0,807,0.9999999996701263,807.0,100.0,20.0,100.0,0.9999999996701264
724,R_71BDK9hFaUbdtMS,101,73,100,1,1,400,0.583631619088,400.0,100.0,1.0,101.0,0.644110682998
725,R_71BDK9hFaUbdtMS,70,75,1,5,1,5,0.1297861159780016,5.0,1.0,5.0,85.0,0.3140098137844954
726,R_71BDK9hFaUbdtMS,70,70,10,5,1,41,0.12998993278884957,41.0,10.0,5.0,85.0,0.3146149484260559
727,R_71BDK9hFaUbdtMS,70,84,30,5,1,121,0.1312016974171128,121.0,30.0,5.0,85.0,0.3217857947397005
728,R_71BDK9hFaUbdtMS,70,70,20,20,1,83,0.6763268497122547,83.0,20.0,20.0,77.0,0.8455039260008776
729,R_71BDK9hFaUbdtMS,70,78,60,20,1,243,0.6915518859527883,243.0,60.0,20.0,80.0,0.991472606340761
730,R_71FXMNAwHRqUycx,74,46,30,1,0,524,0.03441077822753452,524.0,30.0,1.0,89.0,0.0786390128754754
731,R_71FXMNAwHRqUycx,64,40,20,5,0,485,0.08840066245999614,485.0,20.0,5.0,88.0,0.3671948711944325
732,R_71FXMNAwHRqUycx,86,60,40,5,0,565,0.36365568250642855,565.0,40.0,5.0,88.0,0.3746218191734422
733,R_71FXMNAwHRqUycx,90,72,80,5,0,725,0.5750227050474939,725.0,80.0,5.0,88.0,0.585821694621981
734,R_71FXMNAwHRqUycx,103,100,100,20,0,807,0.9999999996701263,807.0,100.0,20.0,100.0,0.9999999996701264
735,R_71FXMNAwHRqUycx,86,10,60,1,1,240,0.08094057850097722,240.0,60.0,1.0,86.0,0.0780886331581517
736,R_71FXMNAwHRqUycx,102,81,100,1,1,400,0.4036507025571697,400.0,100.0,1.0,101.0,0.644110682998
737,R_71FXMNAwHRqUycx,82,19,20,5,1,81,0.3022549756140905,81.0,20.0,5.0,85.0,0.3162226257608132
738,R_71FXMNAwHRqUycx,80,82,40,20,1,163,0.9061302133935166,163.0,40.0,20.0,77.0,0.8845740338622907
739,R_71FXMNAwHRqUycx,96,100,90,20,1,363,0.9999999458772574,363.0,90.0,20.0,99.0,0.999999999994631
740,R_71TQhIqS6uGTbeN,76,30,30,1,0,524,0.04050963257850259,524.0,30.0,1.0,89.0,0.0786390128754754
741,R_71TQhIqS6uGTbeN,78,6,60,1,0,644,0.051581717464019926,644.0,60.0,1.0,89.0,0.0857852520202882
742,R_71TQhIqS6uGTbeN,102,63,100,1,0,804,0.4036507025571697,804.0,100.0,1.0,101.0,0.583631619088
743,R_71TQhIqS6uGTbeN,82,28,70,5,0,685,0.3702610323930571,685.0,70.0,5.0,88.0,0.449812122436234
744,R_71TQhIqS6uGTbeN,86,58,1,10,0,410,0.6327240192785304,410.0,1.0,10.0,87.0,0.6331042395344093
745,R_71TQhIqS6uGTbeN,86,30,1,5,1,5,0.3550326021361455,5.0,1.0,5.0,85.0,0.3140098137844954
746,R_71TQhIqS6uGTbeN,87,42,30,5,1,121,0.3662166170291175,121.0,30.0,5.0,85.0,0.3217857947397005
747,R_71TQhIqS6uGTbeN,97,69,90,5,1,361,0.7006179682445555,361.0,90.0,5.0,95.0,0.9569720145202464
748,R_71TQhIqS6uGTbeN,84,32,1,20,1,7,0.8725176864653259,7.0,1.0,20.0,77.0,0.8395873942252743
749,R_71TQhIqS6uGTbeN,78,82,10,20,1,43,0.8742891628185329,43.0,10.0,20.0,77.0,0.8412053800160368
750,R_71auaTDnqTg8ZVG,75,11,1,1,0,408,0.03684438684227896,408.0,1.0,1.0,89.0,0.0777905487991102
751,R_71auaTDnqTg8ZVG,76,5,40,1,0,564,0.041045847660325374,564.0,40.0,1.0,89.0,0.0796799362815757
752,R_71auaTDnqTg8ZVG,75,40,30,10,0,526,0.401853382555399,526.0,30.0,10.0,87.0,0.6400095283147545
753,R_71auaTDnqTg8ZVG,100,88,90,10,0,766,0.999846664821447,766.0,90.0,10.0,100.0,0.999846664821447
754,R_71auaTDnqTg8ZVG,75,72,1,20,0,411,0.824367702188467,411.0,1.0,20.0,81.0,0.8852947344433568
755,R_71auaTDnqTg8ZVG,80,76,60,20,0,647,0.9755606285184046,647.0,60.0,20.0,81.0,0.9762783921550912
756,R_71auaTDnqTg8ZVG,70,34,30,5,1,121,0.1312016974171128,121.0,30.0,5.0,85.0,0.3217857947397005
757,R_71auaTDnqTg8ZVG,70,39,30,10,1,122,0.28556927800851856,122.0,30.0,10.0,84.0,0.5732435768831542
758,R_71auaTDnqTg8ZVG,74,59,40,10,1,162,0.38114550708125483,162.0,40.0,10.0,84.0,0.5893643030977304
759,R_71auaTDnqTg8ZVG,70,66,30,20,1,123,0.6809922447081186,123.0,30.0,20.0,77.0,0.8603785138053988
760,R_71bO2tVLJWCjwUW,100,51,100,1,0,804,0.342716,804.0,100.0,1.0,101.0,0.583631619088
761,R_71bO2tVLJWCjwUW,100,51,50,5,0,605,0.11369618318581168,605.0,50.0,5.0,88.0,0.3836363953961324
762,R_71bO2tVLJWCjwUW,100,51,90,10,0,766,0.999846664821447,766.0,90.0,10.0,100.0,0.999846664821447
763,R_71bO2tVLJWCjwUW,100,52,60,20,0,647,0.6884799085329518,647.0,60.0,20.0,81.0,0.9762783921550912
764,R_71bO2tVLJWCjwUW,100,51,20,1,1,80,0.01807206968168498,80.0,20.0,1.0,86.0,0.0658878084503197
765,R_71bO2tVLJWCjwUW,100,51,70,5,1,281,0.1333083150750102,281.0,70.0,5.0,85.0,0.4469014203471465
766,R_71bO2tVLJWCjwUW,95,51,90,5,1,361,0.9207666691135774,361.0,90.0,5.0,95.0,0.9569720145202464
767,R_71bO2tVLJWCjwUW,95,51,70,10,1,282,0.5748286373521511,282.0,70.0,10.0,84.0,0.796130136574837
768,R_71bO2tVLJWCjwUW,95,51,20,20,1,83,0.73989247897716,83.0,20.0,20.0,77.0,0.8455039260008776
769,R_71bO2tVLJWCjwUW,95,51,80,20,1,323,0.9999998594083275,323.0,80.0,20.0,99.0,0.999999999998143
770,R_71jmey1L4sPILwS,87,64,60,1,0,644,0.08345558409031494,644.0,60.0,1.0,89.0,0.0857852520202882
771,R_71jmey1L4sPILwS,98,44,10,5,0,445,0.1653539804742347,445.0,10.0,5.0,88.0,0.366313065476557
772,R_71jmey1L4sPILwS,92,51,30,5,0,525,0.33566955659071385,525.0,30.0,5.0,88.0,0.3697278315749148
773,R_71jmey1L4sPILwS,91,47,40,10,0,566,0.5963236731861504,566.0,40.0,10.0,87.0,0.6484811618435852
774,R_71jmey1L4sPILwS,87,56,60,20,0,647,0.933644102292432,647.0,60.0,20.0,81.0,0.9762783921550912
775,R_71jmey1L4sPILwS,87,57,50,1,1,200,0.07938135008915359,200.0,50.0,1.0,86.0,0.0718818910463506
776,R_71jmey1L4sPILwS,98,54,70,1,1,280,0.03839004674170403,280.0,70.0,1.0,86.0,0.0931159024727114
777,R_71jmey1L4sPILwS,98,60,1,20,1,7,0.6743109368893062,7.0,1.0,20.0,77.0,0.8395873942252743
778,R_71jmey1L4sPILwS,87,60,20,20,1,83,0.8500045351802608,83.0,20.0,20.0,77.0,0.8455039260008776
779,R_71jmey1L4sPILwS,87,53,60,20,1,243,0.933644102292432,243.0,60.0,20.0,80.0,0.991472606340761
780,R_72R68mDJyi1AR1Y,78,90,70,5,0,685,0.2884587460768436,685.0,70.0,5.0,88.0,0.449812122436234
781,R_72R68mDJyi1AR1Y,92,95,90,5,0,765,0.7719662080944973,765.0,90.0,5.0,95.0,0.9207666691135774
782,R_72R68mDJyi1AR1Y,82,90,10,20,0,447,0.8845474202837245,447.0,10.0,20.0,81.0,0.8866850060303835
783,R_72R68mDJyi1AR1Y,89,95,70,20,0,687,0.9998715243973398,687.0,70.0,20.0,90.0,0.9999472529280962
784,R_72R68mDJyi1AR1Y,75,80,1,1,1,4,0.03684438684227896,4.0,1.0,1.0,86.0,0.0654267493111091
785,R_72R68mDJyi1AR1Y,75,80,50,1,1,200,0.038647393537198496,200.0,50.0,1.0,86.0,0.0718818910463506
786,R_72R68mDJyi1AR1Y,75,95,30,10,1,122,0.401853382555399,122.0,30.0,10.0,84.0,0.5732435768831542
787,R_72R68mDJyi1AR1Y,84,92,80,10,1,322,0.7775097976904061,322.0,80.0,10.0,90.0,0.9851169967105784
788,R_72R68mDJyi1AR1Y,75,90,60,20,1,243,0.8784412266696674,243.0,60.0,20.0,80.0,0.991472606340761
789,R_72R68mDJyi1AR1Y,84,90,80,20,1,323,0.9947378101695963,323.0,80.0,20.0,99.0,0.999999999998143
790,R_72RSAzjosC4eLjH,68,0,1,1,0,408,0.02191917365003749,408.0,1.0,1.0,89.0,0.0777905487991102
791,R_72RSAzjosC4eLjH,97,0,90,1,0,764,0.1385885636489864,764.0,90.0,1.0,91.0,0.26639177806
792,R_72RSAzjosC4eLjH,75,50,30,10,0,526,0.401853382555399,526.0,30.0,10.0,87.0,0.6400095283147545
793,R_72RSAzjosC4eLjH,80,25,60,10,0,646,0.588207281877248,646.0,60.0,10.0,87.0,0.69816973375297
794,R_72RSAzjosC4eLjH,105,25,100,10,0,806,0.9999960394013373,806.0,100.0,10.0,109.0,0.9999999996701264
795,R_72RSAzjosC4eLjH,80,50,50,20,0,607,0.927934549014813,607.0,50.0,20.0,81.0,0.928617272012275
796,R_72RSAzjosC4eLjH,85,10,70,5,1,281,0.42383260751136786,281.0,70.0,5.0,85.0,0.4469014203471465
797,R_72RSAzjosC4eLjH,105,50,100,5,1,401,0.9980647641991367,401.0,100.0,5.0,105.0,0.9991140836709028
798,R_72RSAzjosC4eLjH,70,75,10,20,1,43,0.6747026742947464,43.0,10.0,20.0,77.0,0.8412053800160368
799,R_72RSAzjosC4eLjH,66,91,30,20,1,123,0.5368576870034111,123.0,30.0,20.0,77.0,0.8603785138053988
800,R_73WaxG1mBHB75kO,78,20,1,1,0,408,0.04677459137822182,408.0,1.0,1.0,89.0,0.0777905487991102
801,R_73WaxG1mBHB75kO,79,59,10,5,0,445,0.25135547649670936,445.0,10.0,5.0,88.0,0.366313065476557
802,R_73WaxG1mBHB75kO,81,80,70,5,0,685,0.35007251131609374,685.0,70.0,5.0,88.0,0.449812122436234
803,R_73WaxG1mBHB75kO,70,77,10,10,0,446,0.2829317911709111,446.0,10.0,10.0,87.0,0.6340984698190886
804,R_73WaxG1mBHB75kO,80,15,1,20,0,411,0.8846438623424894,411.0,1.0,20.0,81.0,0.8852947344433568
805,R_73WaxG1mBHB75kO,80,35,10,20,0,447,0.8860331117964867,447.0,10.0,20.0,81.0,0.8866850060303835
806,R_73WaxG1mBHB75kO,75,75,30,1,1,120,0.03724624978236574,120.0,30.0,1.0,86.0,0.0670469443950542
807,R_73WaxG1mBHB75kO,96,84,90,5,1,361,0.8121161993416486,361.0,90.0,5.0,95.0,0.9569720145202464
808,R_73WaxG1mBHB75kO,79,84,70,10,1,282,0.6082615012091229,282.0,70.0,10.0,84.0,0.796130136574837
809,R_73WaxG1mBHB75kO,83,70,40,20,1,163,0.9000865790870185,163.0,40.0,20.0,77.0,0.8845740338622907
810,R_7A0Vq05cFYdjCxd,80,45,20,1,0,484,0.05357362987283975,484.0,20.0,1.0,89.0,0.0781002665681571
811,R_7A0Vq05cFYdjCxd,103,70,100,1,0,804,0.2681275811888864,804.0,100.0,1.0,101.0,0.583631619088
812,R_7A0Vq05cFYdjCxd,78,40,10,5,0,445,0.23491187157569707,445.0,10.0,5.0,88.0,0.366313065476557
813,R_7A0Vq05cFYdjCxd,80,70,50,10,0,606,0.5594914789303593,606.0,50.0,10.0,87.0,0.6640856529949967
814,R_7A0Vq05cFYdjCxd,82,65,70,20,0,687,0.9886514021099404,687.0,70.0,20.0,90.0,0.9999472529280962
815,R_7A0Vq05cFYdjCxd,77,50,30,5,1,121,0.22101404296184787,121.0,30.0,5.0,85.0,0.3217857947397005
816,R_7A0Vq05cFYdjCxd,89,40,80,5,1,321,0.5843032933025547,321.0,80.0,5.0,85.0,0.6541087591371295
817,R_7A0Vq05cFYdjCxd,78,50,40,10,1,162,0.49065394465599216,162.0,40.0,10.0,84.0,0.5893643030977304
818,R_7A0Vq05cFYdjCxd,102,76,100,10,1,402,0.999754794781543,402.0,100.0,10.0,109.0,0.9999999998752214
819,R_7A0Vq05cFYdjCxd,102,90,100,20,1,403,0.9999999996701263,403.0,100.0,20.0,100.0,0.9999999998752214
820,R_7DIobdxFoMA46k1,85,50,30,1,0,524,0.07129344377937666,524.0,30.0,1.0,89.0,0.0786390128754754
821,R_7DIobdxFoMA46k1,102,100,100,5,0,805,0.9776649719175527,805.0,100.0,5.0,105.0,0.9980647641991368
822,R_7DIobdxFoMA46k1,85,100,80,10,0,726,0.8234388951335802,726.0,80.0,10.0,90.0,0.9645024187657324
823,R_7DIobdxFoMA46k1,91,65,90,1,1,360,0.26639177806000003,360.0,90.0,1.0,91.0,0.325768927048
824,R_7DIobdxFoMA46k1,80,90,1,5,1,5,0.26773152854360516,5.0,1.0,5.0,85.0,0.3140098137844954
825,R_7DIobdxFoMA46k1,80,90,1,10,1,6,0.5333896699871269,6.0,1.0,10.0,84.0,0.5593910973473719
826,R_7DIobdxFoMA46k1,80,90,30,10,1,122,0.5392073686751393,122.0,30.0,10.0,84.0,0.5732435768831542
827,R_7DIobdxFoMA46k1,80,100,10,20,1,43,0.8860331117964867,43.0,10.0,20.0,77.0,0.8412053800160368
828,R_7DIobdxFoMA46k1,82,100,80,20,1,323,0.985219929575196,323.0,80.0,20.0,99.0,0.999999999998143
829,R_7DIobdxFoMA46k1,101,100,100,20,1,403,0.9999999996701263,403.0,100.0,20.0,100.0,0.9999999998752214
830,R_7EbeSHTNdnrW82R,70,52,70,5,0,685,0.09363481875533908,685.0,70.0,5.0,88.0,0.449812122436234
831,R_7EbeSHTNdnrW82R,40,68,40,20,0,567,0.07116975931094309,567.0,40.0,20.0,81.0,0.906796893964938
832,R_7EbeSHTNdnrW82R,75,33,50,20,0,607,0.864708731406401,607.0,50.0,20.0,81.0,0.928617272012275
833,R_7EbeSHTNdnrW82R,100,22,100,20,0,807,0.9999999996701263,807.0,100.0,20.0,100.0,0.9999999996701264
834,R_7EbeSHTNdnrW82R,50,57,50,1,1,200,0.003407,200.0,50.0,1.0,86.0,0.0718818910463506
835,R_7EbeSHTNdnrW82R,100,33,100,1,1,400,0.342716,400.0,100.0,1.0,101.0,0.644110682998
836,R_7EbeSHTNdnrW82R,40,79,40,5,1,161,0.010015686919303848,161.0,40.0,5.0,85.0,0.330835038213031
837,R_7EbeSHTNdnrW82R,60,57,60,5,1,241,0.044178253280481576,241.0,60.0,5.0,85.0,0.3747793893913287
838,R_7EbeSHTNdnrW82R,100,43,100,5,1,401,0.9170537876453282,401.0,100.0,5.0,105.0,0.9991140836709028
839,R_7EbeSHTNdnrW82R,60,41,60,10,1,242,0.10334460407554037,242.0,60.0,10.0,84.0,0.667648731637014
840,R_7FcZ2VgUhFUm3iV,90,75,40,1,0,564,0.0786673894500734,564.0,40.0,1.0,89.0,0.0796799362815757
841,R_7FcZ2VgUhFUm3iV,90,0,50,5,0,605,0.37656447321860037,605.0,50.0,5.0,88.0,0.3836363953961324
842,R_7FcZ2VgUhFUm3iV,90,50,80,10,0,726,0.9645024187657325,726.0,80.0,10.0,90.0,0.9645024187657324
843,R_7FcZ2VgUhFUm3iV,100,100,90,10,0,766,0.999846664821447,766.0,90.0,10.0,100.0,0.999846664821447
844,R_7FcZ2VgUhFUm3iV,91,41,30,20,0,527,0.8087723915219809,527.0,30.0,20.0,81.0,0.8949506732529696
845,R_7FcZ2VgUhFUm3iV,90,50,50,20,0,607,0.8528364189517402,607.0,50.0,20.0,81.0,0.928617272012275
846,R_7FcZ2VgUhFUm3iV,80,93,60,20,0,647,0.9755606285184046,647.0,60.0,20.0,81.0,0.9762783921550912
847,R_7FcZ2VgUhFUm3iV,93,88,90,1,1,360,0.23699298209471853,360.0,90.0,1.0,91.0,0.325768927048
848,R_7FcZ2VgUhFUm3iV,85,0,50,5,1,201,0.36147895018115034,201.0,50.0,5.0,85.0,0.3449906874421074
849,R_7FcZ2VgUhFUm3iV,95,7,20,10,1,82,0.4692495309112449,82.0,20.0,10.0,84.0,0.5633330993655171
850,R_7J5mhzabesP81tn,1,2,1,5,0,409,0.0011295110340486195,409.0,1.0,5.0,88.0,0.365738707453781
851,R_7J5mhzabesP81tn,70,60,70,5,0,685,0.09363481875533908,685.0,70.0,5.0,88.0,0.449812122436234
852,R_7J5mhzabesP81tn,20,10,20,20,0,487,0.019825187959943896,487.0,20.0,20.0,81.0,0.8888194751005897
853,R_7J5mhzabesP81tn,100,73,100,20,0,807,0.9999999996701263,807.0,100.0,20.0,100.0,0.9999999996701264
854,R_7J5mhzabesP81tn,100,24,100,1,1,400,0.342716,400.0,100.0,1.0,101.0,0.644110682998
855,R_7J5mhzabesP81tn,100,54,100,5,1,401,0.9170537876453282,401.0,100.0,5.0,105.0,0.9991140836709028
856,R_7J5mhzabesP81tn,30,10,30,10,1,122,0.013063808214176102,122.0,30.0,10.0,84.0,0.5732435768831542
857,R_7J5mhzabesP81tn,80,65,80,10,1,322,0.551986760658191,322.0,80.0,10.0,90.0,0.9851169967105784
858,R_7J5mhzabesP81tn,30,11,30,20,1,123,0.036254547243506574,123.0,30.0,20.0,77.0,0.8603785138053988
859,R_7J5mhzabesP81tn,100,75,100,20,1,403,0.9999999996701263,403.0,100.0,20.0,100.0,0.9999999998752214
860,R_7JRXHJRnxDx82Ax,91,20,70,1,0,684,0.0916383729064324,684.0,70.0,1.0,89.0,0.0956724873459808
861,R_7JRXHJRnxDx82Ax,101,100,100,5,0,805,0.9557806276778132,805.0,100.0,5.0,105.0,0.9980647641991368
862,R_7JRXHJRnxDx82Ax,91,85,70,10,0,686,0.7160117306745736,686.0,70.0,10.0,87.0,0.7786377430240639
863,R_7JRXHJRnxDx82Ax,91,95,50,20,0,607,0.8391971025219779,607.0,50.0,20.0,81.0,0.928617272012275
864,R_7JRXHJRnxDx82Ax,91,95,70,20,0,687,0.9839552095623572,687.0,70.0,20.0,90.0,0.9999472529280962
865,R_7JRXHJRnxDx82Ax,88,0,30,1,1,120,0.07815324040447741,120.0,30.0,1.0,86.0,0.0670469443950542
866,R_7JRXHJRnxDx82Ax,88,68,40,5,1,161,0.3746218191734422,161.0,40.0,5.0,85.0,0.330835038213031
867,R_7JRXHJRnxDx82Ax,92,100,90,5,1,361,0.7719662080944973,361.0,90.0,5.0,95.0,0.9569720145202464
868,R_7JRXHJRnxDx82Ax,88,93,80,10,1,322,0.9257995226342534,322.0,80.0,10.0,90.0,0.9851169967105784
869,R_7JRXHJRnxDx82Ax,80,90,20,20,1,83,0.888166011596806,83.0,20.0,20.0,77.0,0.8455039260008776
870,R_7N2oQ7muDF539x4,60,0,1,1,0,408,0.013398323239838156,408.0,1.0,1.0,89.0,0.0777905487991102
871,R_7N2oQ7muDF539x4,77,23,30,1,0,524,0.04397577075244098,524.0,30.0,1.0,89.0,0.0786390128754754
872,R_7N2oQ7muDF539x4,77,19,20,5,0,485,0.21949990264958663,485.0,20.0,5.0,88.0,0.3671948711944325
873,R_7N2oQ7muDF539x4,77,60,10,10,0,446,0.4520079096703169,446.0,10.0,10.0,87.0,0.6340984698190886
874,R_7N2oQ7muDF539x4,77,11,50,10,0,606,0.47338383885070173,606.0,50.0,10.0,87.0,0.6640856529949967
875,R_7N2oQ7muDF539x4,80,0,60,10,0,646,0.588207281877248,646.0,60.0,10.0,87.0,0.69816973375297
876,R_7N2oQ7muDF539x4,77,90,20,20,0,487,0.8644260227586327,487.0,20.0,20.0,81.0,0.8888194751005897
877,R_7N2oQ7muDF539x4,74,71,50,10,1,202,0.39031706370094305,202.0,50.0,10.0,84.0,0.6145818084377129
878,R_7N2oQ7muDF539x4,60,61,1,20,1,7,0.35197033717982906,7.0,1.0,20.0,77.0,0.8395873942252743
879,R_7N2oQ7muDF539x4,82,91,70,20,1,283,0.9886514021099404,283.0,70.0,20.0,90.0,0.999990991654084
880,R_7PuDmBmWqvCm1Nu,80,100,60,1,0,644,0.0588452196417599,644.0,60.0,1.0,89.0,0.0857852520202882
881,R_7PuDmBmWqvCm1Nu,80,100,1,5,0,409,0.26773152854360516,409.0,1.0,5.0,88.0,0.365738707453781
882,R_7PuDmBmWqvCm1Nu,80,100,70,5,0,685,0.3292757497167975,685.0,70.0,5.0,88.0,0.449812122436234
883,R_7PuDmBmWqvCm1Nu,80,100,1,10,0,410,0.5333896699871269,410.0,1.0,10.0,87.0,0.6331042395344093
884,R_7PuDmBmWqvCm1Nu,80,100,40,20,0,567,0.9061302133935166,567.0,40.0,20.0,81.0,0.906796893964938
885,R_7PuDmBmWqvCm1Nu,80,100,50,20,0,607,0.927934549014813,607.0,50.0,20.0,81.0,0.928617272012275
886,R_7PuDmBmWqvCm1Nu,80,100,70,20,0,687,0.9727438527747904,687.0,70.0,20.0,90.0,0.9999472529280962
887,R_7PuDmBmWqvCm1Nu,50,71,30,1,1,120,0.006355058463320009,120.0,30.0,1.0,86.0,0.0670469443950542
888,R_7PuDmBmWqvCm1Nu,80,100,30,5,1,121,0.27065168513828625,121.0,30.0,5.0,85.0,0.3217857947397005
889,R_7PuDmBmWqvCm1Nu,80,100,70,5,1,281,0.3292757497167975,281.0,70.0,5.0,85.0,0.4469014203471465
890,R_7TQRaH1op0x9xuB,72,77,30,1,0,524,0.029381433156011355,524.0,30.0,1.0,89.0,0.0786390128754754
891,R_7TQRaH1op0x9xuB,90,15,80,1,0,724,0.1230175634211869,724.0,80.0,1.0,89.0,0.1246009519756057
892,R_7TQRaH1op0x9xuB,85,50,10,10,0,446,0.6277124557251459,446.0,10.0,10.0,87.0,0.6340984698190886
893,R_7TQRaH1op0x9xuB,68,35,30,10,0,526,0.24760352493398524,526.0,30.0,10.0,87.0,0.6400095283147545
894,R_7TQRaH1op0x9xuB,60,16,1,20,0,411,0.35197033717982906,411.0,1.0,20.0,81.0,0.8852947344433568
895,R_7TQRaH1op0x9xuB,85,71,60,20,0,647,0.9537945934227916,647.0,60.0,20.0,81.0,0.9762783921550912
896,R_7TQRaH1op0x9xuB,78,60,20,1,1,80,0.04696082122636379,80.0,20.0,1.0,86.0,0.0658878084503197
897,R_7TQRaH1op0x9xuB,82,35,50,5,1,201,0.31578874987536515,201.0,50.0,5.0,85.0,0.3449906874421074
898,R_7TQRaH1op0x9xuB,74,40,70,5,1,281,0.20044577593593715,281.0,70.0,5.0,85.0,0.4469014203471465
899,R_7TQRaH1op0x9xuB,70,86,20,20,1,83,0.6763268497122547,83.0,20.0,20.0,77.0,0.8455039260008776
900,R_7c2yuZqeQZmKkkz,77,25,20,1,0,484,0.04367449809860095,484.0,20.0,1.0,89.0,0.0781002665681571
901,R_7c2yuZqeQZmKkkz,78,19,1,5,0,409,0.23454354314081233,409.0,1.0,5.0,88.0,0.365738707453781
902,R_7c2yuZqeQZmKkkz,65,94,40,20,0,567,0.5093607774280227,567.0,40.0,20.0,81.0,0.906796893964938
903,R_7c2yuZqeQZmKkkz,72,31,1,1,1,4,0.02906442649947468,4.0,1.0,1.0,86.0,0.0654267493111091
904,R_7c2yuZqeQZmKkkz,69,56,40,5,1,161,0.12408875770786709,161.0,40.0,5.0,85.0,0.330835038213031
905,R_7c2yuZqeQZmKkkz,85,91,80,5,1,321,0.551986760658191,321.0,80.0,5.0,85.0,0.6541087591371295
906,R_7c2yuZqeQZmKkkz,69,61,40,10,1,162,0.26953974480164283,162.0,40.0,10.0,84.0,0.5893643030977304
907,R_7c2yuZqeQZmKkkz,72,93,50,10,1,202,0.34083124838717754,202.0,50.0,10.0,84.0,0.6145818084377129
908,R_7c2yuZqeQZmKkkz,79,97,50,20,1,203,0.9237899868808628,203.0,50.0,20.0,77.0,0.9224228657397676
909,R_7c2yuZqeQZmKkkz,77,96,70,20,1,283,0.9215567169148979,283.0,70.0,20.0,90.0,0.999990991654084
910,R_7fa9XUnLuTrRKmR,88,100,1,10,0,410,0.6279862841298739,410.0,1.0,10.0,87.0,0.6331042395344093
911,R_7fa9XUnLuTrRKmR,92,100,10,10,0,446,0.5591066099091215,446.0,10.0,10.0,87.0,0.6340984698190886
912,R_7fa9XUnLuTrRKmR,96,100,90,10,0,766,0.9964963518412062,766.0,90.0,10.0,100.0,0.999846664821447
913,R_7fa9XUnLuTrRKmR,78,75,60,1,1,240,0.051581717464019926,240.0,60.0,1.0,86.0,0.0780886331581517
914,R_7fa9XUnLuTrRKmR,81,73,70,1,1,280,0.0699306133981017,280.0,70.0,1.0,86.0,0.0931159024727114
915,R_7fa9XUnLuTrRKmR,82,75,1,5,1,5,0.3010563403104735,5.0,1.0,5.0,85.0,0.3140098137844954
916,R_7fa9XUnLuTrRKmR,94,100,90,10,1,362,0.9882543876646707,362.0,90.0,10.0,100.0,0.9999618808050552
917,R_7fa9XUnLuTrRKmR,80,100,1,20,1,7,0.8846438623424894,7.0,1.0,20.0,77.0,0.8395873942252743
918,R_7fa9XUnLuTrRKmR,85,100,10,20,1,43,0.8662645528330868,43.0,10.0,20.0,77.0,0.8412053800160368
919,R_7fa9XUnLuTrRKmR,85,100,50,20,1,203,0.9072311141181401,203.0,50.0,20.0,77.0,0.9224228657397676
920,R_7gINiyqqAHl5UPt,90,0,20,1,0,484,0.07710779366790757,484.0,20.0,1.0,89.0,0.0781002665681571
921,R_7gINiyqqAHl5UPt,80,9,1,5,0,409,0.26773152854360516,409.0,1.0,5.0,88.0,0.365738707453781
922,R_7gINiyqqAHl5UPt,85,30,20,5,0,485,0.34598702871819426,485.0,20.0,5.0,88.0,0.3671948711944325
923,R_7gINiyqqAHl5UPt,80,30,50,5,0,605,0.2808331643632367,605.0,50.0,5.0,88.0,0.3836363953961324
924,R_7gINiyqqAHl5UPt,80,40,60,5,0,645,0.2952468777306384,645.0,60.0,5.0,88.0,0.403326466734683
925,R_7gINiyqqAHl5UPt,95,100,90,10,0,766,0.9934278953107268,766.0,90.0,10.0,100.0,0.999846664821447
926,R_7gINiyqqAHl5UPt,80,0,40,1,1,160,0.05465721952325623,160.0,40.0,1.0,86.0,0.0689324350969184
927,R_7gINiyqqAHl5UPt,85,10,50,5,1,201,0.36147895018115034,201.0,50.0,5.0,85.0,0.3449906874421074
928,R_7gINiyqqAHl5UPt,95,100,90,5,1,361,0.9207666691135774,361.0,90.0,5.0,95.0,0.9569720145202464
929,R_7gINiyqqAHl5UPt,75,60,1,10,1,6,0.39751764452160676,6.0,1.0,10.0,84.0,0.5593910973473719
930,R_7jZ3tmjtOVjouuz,76,38,60,5,0,645,0.22420710350529374,645.0,60.0,5.0,88.0,0.403326466734683
931,R_7jZ3tmjtOVjouuz,80,30,40,10,0,566,0.5463447112010997,566.0,40.0,10.0,87.0,0.6484811618435852
932,R_7jZ3tmjtOVjouuz,79,26,40,20,0,567,0.902083038972814,567.0,40.0,20.0,81.0,0.906796893964938
933,R_7jZ3tmjtOVjouuz,79,7,60,1,1,240,0.05513142431371335,240.0,60.0,1.0,86.0,0.0780886331581517
934,R_7jZ3tmjtOVjouuz,93,4,90,1,1,360,0.23699298209471853,360.0,90.0,1.0,91.0,0.325768927048
935,R_7jZ3tmjtOVjouuz,75,18,60,5,1,241,0.20817548738344618,241.0,60.0,5.0,85.0,0.3747793893913287
936,R_7jZ3tmjtOVjouuz,81,6,70,5,1,281,0.35007251131609374,281.0,70.0,5.0,85.0,0.4469014203471465
937,R_7jZ3tmjtOVjouuz,94,14,90,5,1,361,0.8835656667816473,361.0,90.0,5.0,95.0,0.9569720145202464
938,R_7jZ3tmjtOVjouuz,104,21,100,10,1,402,0.9999813069089667,402.0,100.0,10.0,109.0,0.9999999998752214
939,R_7jZ3tmjtOVjouuz,79,41,1,20,1,7,0.8806926553766653,7.0,1.0,20.0,77.0,0.8395873942252743
940,R_7k5J4BuyFlCudOq,86,18,10,1,0,444,0.07351263524107635,444.0,10.0,1.0,89.0,0.0779127114931001
941,R_7k5J4BuyFlCudOq,76,61,60,1,0,644,0.044190903635819775,644.0,60.0,1.0,89.0,0.0857852520202882
942,R_7k5J4BuyFlCudOq,91,29,90,1,0,764,0.26639177806000003,764.0,90.0,1.0,91.0,0.26639177806
943,R_7k5J4BuyFlCudOq,102,61,100,5,0,805,0.9776649719175527,805.0,100.0,5.0,105.0,0.9980647641991368
944,R_7k5J4BuyFlCudOq,86,71,40,10,0,566,0.6480917067461591,566.0,40.0,10.0,87.0,0.6484811618435852
945,R_7k5J4BuyFlCudOq,85,61,20,20,0,487,0.8683498648458796,487.0,20.0,20.0,81.0,0.8888194751005897
946,R_7k5J4BuyFlCudOq,104,73,100,10,1,402,0.9999813069089667,402.0,100.0,10.0,109.0,0.9999999998752214
947,R_7k5J4BuyFlCudOq,80,62,10,20,1,43,0.8860331117964867,43.0,10.0,20.0,77.0,0.8412053800160368
948,R_7k5J4BuyFlCudOq,79,61,30,20,1,123,0.8902983991584122,123.0,30.0,20.0,77.0,0.8603785138053988
949,R_7k5J4BuyFlCudOq,94,81,90,20,1,363,0.9999985188841328,363.0,90.0,20.0,99.0,0.999999999994631
950,R_7kHSIqO4JmooXwq,85,72,10,1,0,444,0.07063498527541179,444.0,10.0,1.0,89.0,0.0779127114931001
951,R_7kHSIqO4JmooXwq,65,81,60,5,0,645,0.10334460407554037,645.0,60.0,5.0,88.0,0.403326466734683
952,R_7kHSIqO4JmooXwq,85,92,80,5,0,725,0.551986760658191,725.0,80.0,5.0,88.0,0.585821694621981
953,R_7kHSIqO4JmooXwq,100,86,100,10,0,806,0.9980647641991367,806.0,100.0,10.0,109.0,0.9999999996701264
954,R_7kHSIqO4JmooXwq,1,100,1,5,1,5,0.0011295110340486195,5.0,1.0,5.0,85.0,0.3140098137844954
955,R_7kHSIqO4JmooXwq,60,86,50,5,1,201,0.07117380047407282,201.0,50.0,5.0,85.0,0.3449906874421074
956,R_7kHSIqO4JmooXwq,67,76,60,5,1,241,0.11722588694853077,241.0,60.0,5.0,85.0,0.3747793893913287
957,R_7kHSIqO4JmooXwq,72,81,70,5,1,281,0.14291897389083408,281.0,70.0,5.0,85.0,0.4469014203471465
958,R_7kHSIqO4JmooXwq,74,70,70,10,1,282,0.38051885418271386,282.0,70.0,10.0,84.0,0.796130136574837
959,R_7kHSIqO4JmooXwq,90,100,90,20,1,363,0.999846664821447,363.0,90.0,20.0,99.0,0.999999999994631
960,R_7pseqr64YRXGjwx,88,52,50,5,0,605,0.3836363953961324,605.0,50.0,5.0,88.0,0.3836363953961324
961,R_7pseqr64YRXGjwx,93,69,60,5,0,645,0.3431478281970314,645.0,60.0,5.0,88.0,0.403326466734683
962,R_7pseqr64YRXGjwx,93,61,1,10,0,410,0.5308334223046077,410.0,1.0,10.0,87.0,0.6331042395344093
963,R_7pseqr64YRXGjwx,90,81,80,10,0,726,0.9645024187657325,726.0,80.0,10.0,90.0,0.9645024187657324
964,R_7pseqr64YRXGjwx,85,94,60,20,0,647,0.9537945934227916,647.0,60.0,20.0,81.0,0.9762783921550912
965,R_7pseqr64YRXGjwx,88,48,1,1,1,4,0.07731001749882205,4.0,1.0,1.0,86.0,0.0654267493111091
966,R_7pseqr64YRXGjwx,92,53,60,1,1,240,0.0782988231947218,240.0,60.0,1.0,86.0,0.0780886331581517
967,R_7pseqr64YRXGjwx,87,51,30,5,1,121,0.3662166170291175,121.0,30.0,5.0,85.0,0.3217857947397005
968,R_7pseqr64YRXGjwx,88,52,40,5,1,161,0.3746218191734422,161.0,40.0,5.0,85.0,0.330835038213031
969,R_7pseqr64YRXGjwx,103,95,100,10,1,402,0.9999269364462616,402.0,100.0,10.0,109.0,0.9999999998752214
970,R_7tM8JyLqCDDnGYr,101,71,100,1,0,804,0.583631619088,804.0,100.0,1.0,101.0,0.583631619088
971,R_7tM8JyLqCDDnGYr,81,83,10,5,0,445,0.28508821430763887,445.0,10.0,5.0,88.0,0.366313065476557
972,R_7tM8JyLqCDDnGYr,78,74,20,5,0,485,0.23547736227497862,485.0,20.0,5.0,88.0,0.3671948711944325
973,R_7tM8JyLqCDDnGYr,78,59,40,5,0,565,0.24024016877650145,565.0,40.0,5.0,88.0,0.3746218191734422
974,R_7tM8JyLqCDDnGYr,81,81,10,10,0,446,0.5592216918026156,446.0,10.0,10.0,87.0,0.6340984698190886
975,R_7tM8JyLqCDDnGYr,100,91,100,10,0,806,0.9980647641991367,806.0,100.0,10.0,109.0,0.9999999996701264
976,R_7tM8JyLqCDDnGYr,75,95,1,20,0,411,0.824367702188467,411.0,1.0,20.0,81.0,0.8852947344433568
977,R_7tM8JyLqCDDnGYr,81,61,60,20,0,647,0.9762783921550912,647.0,60.0,20.0,81.0,0.9762783921550912
978,R_7tM8JyLqCDDnGYr,81,77,10,5,1,41,0.28508821430763887,41.0,10.0,5.0,85.0,0.3146149484260559
979,R_7tM8JyLqCDDnGYr,71,33,20,5,1,81,0.13993744633610702,81.0,20.0,5.0,85.0,0.3162226257608132
