StartDate,EndDate,Status,Progress,Duration (in seconds),Finished,RecordedDate,ResponseId,DistributionChannel,UserLanguage,CONSENT,FILTER2,FILTER3,1_Q195,1_Q196_1,2_Q195,2_Q196_1,3_Q195,3_Q196_1,4_Q195,4_Q196_1,5_Q195,5_Q196_1,6_Q195,6_Q196_1,7_Q195,7_Q196_1,8_Q195,8_Q196_1,9_Q195,9_Q196_1,10_Q195,10_Q196_1,11_Q195,11_Q196_1,12_Q195,12_Q196_1,13_Q195,13_Q196_1,14_Q195,14_Q196_1,15_Q195,15_Q196_1,16_Q195,16_Q196_1,17_Q195,17_Q196_1,18_Q195,18_Q196_1,19_Q195,19_Q196_1,20_Q195,20_Q196_1,21_Q195,21_Q196_1,22_Q195,22_Q196_1,23_Q195,23_Q196_1,24_Q195,24_Q196_1,25_Q195,25_Q196_1,26_Q195,26_Q196_1,27_Q195,27_Q196_1,28_Q195,28_Q196_1,29_Q195,29_Q196_1,30_Q195,30_Q196_1,31_Q195,31_Q196_1,32_Q195,32_Q196_1,33_Q195,33_Q196_1,34_Q195,34_Q196_1,35_Q195,35_Q196_1,36_Q195,36_Q196_1,37_Q195,37_Q196_1,38_Q195,38_Q196_1,39_Q195,39_Q196_1,40_Q195,40_Q196_1,41_Q195,41_Q196_1,42_Q195,42_Q196_1,43_Q195,43_Q196_1,44_Q195,44_Q196_1,45_Q195,45_Q196_1,46_Q195,46_Q196_1,47_Q195,47_Q196_1,48_Q195,48_Q196_1,49_Q195,49_Q196_1,50_Q195,50_Q196_1,51_Q195,51_Q196_1,52_Q195,52_Q196_1,53_Q195,53_Q196_1,54_Q195,54_Q196_1,55_Q195,55_Q196_1,56_Q195,56_Q196_1,57_Q195,57_Q196_1,58_Q195,58_Q196_1,59_Q195,59_Q196_1,60_Q195,60_Q196_1,61_Q195,61_Q196_1,62_Q195,62_Q196_1,63_Q195,63_Q196_1,64_Q195,64_Q196_1,65_Q195,65_Q196_1,66_Q195,66_Q196_1,67_Q195,67_Q196_1,68_Q195,68_Q196_1,69_Q195,69_Q196_1,70_Q195,70_Q196_1,71_Q195,71_Q196_1,72_Q195,72_Q196_1,73_Q195,73_Q196_1,74_Q195,74_Q196_1,75_Q195,75_Q196_1,76_Q195,76_Q196_1,77_Q195,77_Q196_1,78_Q195,78_Q196_1,79_Q195,79_Q196_1,80_Q195,80_Q196_1,81_Q195,81_Q196_1,82_Q195,82_Q196_1,83_Q195,83_Q196_1,84_Q195,84_Q196_1,85_Q195,85_Q196_1,86_Q195,86_Q196_1,87_Q195,87_Q196_1,88_Q195,88_Q196_1,GENDER,AGE,COMMENTS,workerId,hitId,assignmentId,eligible
Start Date,End Date,Response Type,Progress,Duration (in seconds),Finished,Recorded Date,Response ID,Distribution Channel,User Language,"University of California at Berkeley 

 

CONSENT TO PARTICIPATE IN RESEARCH 

 

My name is Don Moore. I am a professor at the Haas School of Business at the University of California at Berkeley. I would like to invite you to take part in my research study.

 

If you agree to take part, you will take a short survey that asks you to estimate life expectancies.
The entire exercise should take less than 15 minutes, and you will be paid $2 for your participation via Prolific.




  

There is no direct benefit to you anticipated from participating in this study. However, we hope that the information gained from the study will help us better understand how people think about uncertainty. There is little risk to you from taking part in this research. As with all research, there is a chance that confidentiality could be compromised; however, we are taking precautions to minimize this risk. Your study data will be handled as confidentially as possible. This survey will code the data with ID numbers so that each participant’s answers cannot be linked to their identities.

 

Please understand that participation in research is completely voluntary. You are free to decline to take part in the project. You can decline to answer any questions and are free to stop taking part in the project at any time. If you have any questions about the research, you may contact me at dm@berkeley.edu.

 

If you have any question regarding your treatment or rights as a participant in this research project, please contact the University of California at Berkeley’s Committee for Protection of Human Subjects at (510) 642-7461, subjects@berkeley.edu. 

 

************************************************************

 

If you agree to take part in the research, please click the “accept” button below.

 

By accepting, you certify that you are 18 years or older. You have read this consent form and agree to take part in this research.",How often are Presidential elections in the United States?,What vegetable is pictured on the billboard in this photo?,"1 - Given that an American [Field-3] has lived at least [Field-1] years, estimate how old [Field-4] will be (in years) when [Field-4] dies.",How certain are you that your answer (above) is within [Field-2] years of the true value? - 1 - How certain are you that your answer (above) is within ${lm://Field/2} years of the true value?,"10 - Given that an American [Field-3] has lived at least [Field-1] years, estimate how old [Field-4] will be (in years) when [Field-4] dies.",How certain are you that your answer (above) is within [Field-2] years of the true value? - 10 - How certain are you that your answer (above) is within ${lm://Field/2} years of the true value?,"20 - Given that an American [Field-3] has lived at least [Field-1] years, estimate how old [Field-4] will be (in years) when [Field-4] dies.",How certain are you that your answer (above) is within [Field-2] years of the true value? - 20 - How certain are you that your answer (above) is within ${lm://Field/2} years of the true value?,"30 - Given that an American [Field-3] has lived at least [Field-1] years, estimate how old [Field-4] will be (in years) when [Field-4] dies.",How certain are you that your answer (above) is within [Field-2] years of the true value? - 30 - How certain are you that your answer (above) is within ${lm://Field/2} years of the true value?,"40 - Given that an American [Field-3] has lived at least [Field-1] years, estimate how old [Field-4] will be (in years) when [Field-4] dies.",How certain are you that your answer (above) is within [Field-2] years of the true value? - 40 - How certain are you that your answer (above) is within ${lm://Field/2} years of the true value?,"50 - Given that an American [Field-3] has lived at least [Field-1] years, estimate how old [Field-4] will be (in years) when [Field-4] dies.",How certain are you that your answer (above) is within [Field-2] years of the true value? - 50 - How certain are you that your answer (above) is within ${lm://Field/2} years of the true value?,"60 - Given that an American [Field-3] has lived at least [Field-1] years, estimate how old [Field-4] will be (in years) when [Field-4] dies.",How certain are you that your answer (above) is within [Field-2] years of the true value? - 60 - How certain are you that your answer (above) is within ${lm://Field/2} years of the true value?,"70 - Given that an American [Field-3] has lived at least [Field-1] years, estimate how old [Field-4] will be (in years) when [Field-4] dies.",How certain are you that your answer (above) is within [Field-2] years of the true value? - 70 - How certain are you that your answer (above) is within ${lm://Field/2} years of the true value?,"80 - Given that an American [Field-3] has lived at least [Field-1] years, estimate how old [Field-4] will be (in years) when [Field-4] dies.",How certain are you that your answer (above) is within [Field-2] years of the true value? - 80 - How certain are you that your answer (above) is within ${lm://Field/2} years of the true value?,"90 - Given that an American [Field-3] has lived at least [Field-1] years, estimate how old [Field-4] will be (in years) when [Field-4] dies.",How certain are you that your answer (above) is within [Field-2] years of the true value? - 90 - How certain are you that your answer (above) is within ${lm://Field/2} years of the true value?,"100 - Given that an American [Field-3] has lived at least [Field-1] years, estimate how old [Field-4] will be (in years) when [Field-4] dies.",How certain are you that your answer (above) is within [Field-2] years of the true value? - 100 - How certain are you that your answer (above) is within ${lm://Field/2} years of the true value?,"1 - Given that an American [Field-3] has lived at least [Field-1] years, estimate how old [Field-4] will be (in years) when [Field-4] dies.",How certain are you that your answer (above) is within [Field-2] years of the true value? - 1 - How certain are you that your answer (above) is within ${lm://Field/2} years of the true value?,"10 - Given that an American [Field-3] has lived at least [Field-1] years, estimate how old [Field-4] will be (in years) when [Field-4] dies.",How certain are you that your answer (above) is within [Field-2] years of the true value? - 10 - How certain are you that your answer (above) is within ${lm://Field/2} years of the true value?,"20 - Given that an American [Field-3] has lived at least [Field-1] years, estimate how old [Field-4] will be (in years) when [Field-4] dies.",How certain are you that your answer (above) is within [Field-2] years of the true value? - 20 - How certain are you that your answer (above) is within ${lm://Field/2} years of the true value?,"30 - Given that an American [Field-3] has lived at least [Field-1] years, estimate how old [Field-4] will be (in years) when [Field-4] dies.",How certain are you that your answer (above) is within [Field-2] years of the true value? - 30 - How certain are you that your answer (above) is within ${lm://Field/2} years of the true value?,"40 - Given that an American [Field-3] has lived at least [Field-1] years, estimate how old [Field-4] will be (in years) when [Field-4] dies.",How certain are you that your answer (above) is within [Field-2] years of the true value? - 40 - How certain are you that your answer (above) is within ${lm://Field/2} years of the true value?,"50 - Given that an American [Field-3] has lived at least [Field-1] years, estimate how old [Field-4] will be (in years) when [Field-4] dies.",How certain are you that your answer (above) is within [Field-2] years of the true value? - 50 - How certain are you that your answer (above) is within ${lm://Field/2} years of the true value?,"60 - Given that an American [Field-3] has lived at least [Field-1] years, estimate how old [Field-4] will be (in years) when [Field-4] dies.",How certain are you that your answer (above) is within [Field-2] years of the true value? - 60 - How certain are you that your answer (above) is within ${lm://Field/2} years of the true value?,"70 - Given that an American [Field-3] has lived at least [Field-1] years, estimate how old [Field-4] will be (in years) when [Field-4] dies.",How certain are you that your answer (above) is within [Field-2] years of the true value? - 70 - How certain are you that your answer (above) is within ${lm://Field/2} years of the true value?,"80 - Given that an American [Field-3] has lived at least [Field-1] years, estimate how old [Field-4] will be (in years) when [Field-4] dies.",How certain are you that your answer (above) is within [Field-2] years of the true value? - 80 - How certain are you that your answer (above) is within ${lm://Field/2} years of the true value?,"90 - Given that an American [Field-3] has lived at least [Field-1] years, estimate how old [Field-4] will be (in years) when [Field-4] dies.",How certain are you that your answer (above) is within [Field-2] years of the true value? - 90 - How certain are you that your answer (above) is within ${lm://Field/2} years of the true value?,"100 - Given that an American [Field-3] has lived at least [Field-1] years, estimate how old [Field-4] will be (in years) when [Field-4] dies.",How certain are you that your answer (above) is within [Field-2] years of the true value? - 100 - How certain are you that your answer (above) is within ${lm://Field/2} years of the true value?,"1 - Given that an American [Field-3] has lived at least [Field-1] years, estimate how old [Field-4] will be (in years) when [Field-4] dies.",How certain are you that your answer (above) is within [Field-2] years of the true value? - 1 - How certain are you that your answer (above) is within ${lm://Field/2} years of the true value?,"10 - Given that an American [Field-3] has lived at least [Field-1] years, estimate how old [Field-4] will be (in years) when [Field-4] dies.",How certain are you that your answer (above) is within [Field-2] years of the true value? - 10 - How certain are you that your answer (above) is within ${lm://Field/2} years of the true value?,"20 - Given that an American [Field-3] has lived at least [Field-1] years, estimate how old [Field-4] will be (in years) when [Field-4] dies.",How certain are you that your answer (above) is within [Field-2] years of the true value? - 20 - How certain are you that your answer (above) is within ${lm://Field/2} years of the true value?,"30 - Given that an American [Field-3] has lived at least [Field-1] years, estimate how old [Field-4] will be (in years) when [Field-4] dies.",How certain are you that your answer (above) is within [Field-2] years of the true value? - 30 - How certain are you that your answer (above) is within ${lm://Field/2} years of the true value?,"40 - Given that an American [Field-3] has lived at least [Field-1] years, estimate how old [Field-4] will be (in years) when [Field-4] dies.",How certain are you that your answer (above) is within [Field-2] years of the true value? - 40 - How certain are you that your answer (above) is within ${lm://Field/2} years of the true value?,"50 - Given that an American [Field-3] has lived at least [Field-1] years, estimate how old [Field-4] will be (in years) when [Field-4] dies.",How certain are you that your answer (above) is within [Field-2] years of the true value? - 50 - How certain are you that your answer (above) is within ${lm://Field/2} years of the true value?,"60 - Given that an American [Field-3] has lived at least [Field-1] years, estimate how old [Field-4] will be (in years) when [Field-4] dies.",How certain are you that your answer (above) is within [Field-2] years of the true value? - 60 - How certain are you that your answer (above) is within ${lm://Field/2} years of the true value?,"70 - Given that an American [Field-3] has lived at least [Field-1] years, estimate how old [Field-4] will be (in years) when [Field-4] dies.",How certain are you that your answer (above) is within [Field-2] years of the true value? - 70 - How certain are you that your answer (above) is within ${lm://Field/2} years of the true value?,"80 - Given that an American [Field-3] has lived at least [Field-1] years, estimate how old [Field-4] will be (in years) when [Field-4] dies.",How certain are you that your answer (above) is within [Field-2] years of the true value? - 80 - How certain are you that your answer (above) is within ${lm://Field/2} years of the true value?,"90 - Given that an American [Field-3] has lived at least [Field-1] years, estimate how old [Field-4] will be (in years) when [Field-4] dies.",How certain are you that your answer (above) is within [Field-2] years of the true value? - 90 - How certain are you that your answer (above) is within ${lm://Field/2} years of the true value?,"100 - Given that an American [Field-3] has lived at least [Field-1] years, estimate how old [Field-4] will be (in years) when [Field-4] dies.",How certain are you that your answer (above) is within [Field-2] years of the true value? - 100 - How certain are you that your answer (above) is within ${lm://Field/2} years of the true value?,"1 - Given that an American [Field-3] has lived at least [Field-1] years, estimate how old [Field-4] will be (in years) when [Field-4] dies.",How certain are you that your answer (above) is within [Field-2] years of the true value? - 1 - How certain are you that your answer (above) is within ${lm://Field/2} years of the true value?,"10 - Given that an American [Field-3] has lived at least [Field-1] years, estimate how old [Field-4] will be (in years) when [Field-4] dies.",How certain are you that your answer (above) is within [Field-2] years of the true value? - 10 - How certain are you that your answer (above) is within ${lm://Field/2} years of the true value?,"20 - Given that an American [Field-3] has lived at least [Field-1] years, estimate how old [Field-4] will be (in years) when [Field-4] dies.",How certain are you that your answer (above) is within [Field-2] years of the true value? - 20 - How certain are you that your answer (above) is within ${lm://Field/2} years of the true value?,"30 - Given that an American [Field-3] has lived at least [Field-1] years, estimate how old [Field-4] will be (in years) when [Field-4] dies.",How certain are you that your answer (above) is within [Field-2] years of the true value? - 30 - How certain are you that your answer (above) is within ${lm://Field/2} years of the true value?,"40 - Given that an American [Field-3] has lived at least [Field-1] years, estimate how old [Field-4] will be (in years) when [Field-4] dies.",How certain are you that your answer (above) is within [Field-2] years of the true value? - 40 - How certain are you that your answer (above) is within ${lm://Field/2} years of the true value?,"50 - Given that an American [Field-3] has lived at least [Field-1] years, estimate how old [Field-4] will be (in years) when [Field-4] dies.",How certain are you that your answer (above) is within [Field-2] years of the true value? - 50 - How certain are you that your answer (above) is within ${lm://Field/2} years of the true value?,"60 - Given that an American [Field-3] has lived at least [Field-1] years, estimate how old [Field-4] will be (in years) when [Field-4] dies.",How certain are you that your answer (above) is within [Field-2] years of the true value? - 60 - How certain are you that your answer (above) is within ${lm://Field/2} years of the true value?,"70 - Given that an American [Field-3] has lived at least [Field-1] years, estimate how old [Field-4] will be (in years) when [Field-4] dies.",How certain are you that your answer (above) is within [Field-2] years of the true value? - 70 - How certain are you that your answer (above) is within ${lm://Field/2} years of the true value?,"80 - Given that an American [Field-3] has lived at least [Field-1] years, estimate how old [Field-4] will be (in years) when [Field-4] dies.",How certain are you that your answer (above) is within [Field-2] years of the true value? - 80 - How certain are you that your answer (above) is within ${lm://Field/2} years of the true value?,"90 - Given that an American [Field-3] has lived at least [Field-1] years, estimate how old [Field-4] will be (in years) when [Field-4] dies.",How certain are you that your answer (above) is within [Field-2] years of the true value? - 90 - How certain are you that your answer (above) is within ${lm://Field/2} years of the true value?,"100 - Given that an American [Field-3] has lived at least [Field-1] years, estimate how old [Field-4] will be (in years) when [Field-4] dies.",How certain are you that your answer (above) is within [Field-2] years of the true value? - 100 - How certain are you that your answer (above) is within ${lm://Field/2} years of the true value?,"1 - Given that an American [Field-3] has lived at least [Field-1] years, estimate how old [Field-4] will be (in years) when [Field-4] dies.",How certain are you that your answer (above) is within [Field-2] years of the true value? - 1 - How certain are you that your answer (above) is within ${lm://Field/2} years of the true value?,"10 - Given that an American [Field-3] has lived at least [Field-1] years, estimate how old [Field-4] will be (in years) when [Field-4] dies.",How certain are you that your answer (above) is within [Field-2] years of the true value? - 10 - How certain are you that your answer (above) is within ${lm://Field/2} years of the true value?,"20 - Given that an American [Field-3] has lived at least [Field-1] years, estimate how old [Field-4] will be (in years) when [Field-4] dies.",How certain are you that your answer (above) is within [Field-2] years of the true value? - 20 - How certain are you that your answer (above) is within ${lm://Field/2} years of the true value?,"30 - Given that an American [Field-3] has lived at least [Field-1] years, estimate how old [Field-4] will be (in years) when [Field-4] dies.",How certain are you that your answer (above) is within [Field-2] years of the true value? - 30 - How certain are you that your answer (above) is within ${lm://Field/2} years of the true value?,"40 - Given that an American [Field-3] has lived at least [Field-1] years, estimate how old [Field-4] will be (in years) when [Field-4] dies.",How certain are you that your answer (above) is within [Field-2] years of the true value? - 40 - How certain are you that your answer (above) is within ${lm://Field/2} years of the true value?,"50 - Given that an American [Field-3] has lived at least [Field-1] years, estimate how old [Field-4] will be (in years) when [Field-4] dies.",How certain are you that your answer (above) is within [Field-2] years of the true value? - 50 - How certain are you that your answer (above) is within ${lm://Field/2} years of the true value?,"60 - Given that an American [Field-3] has lived at least [Field-1] years, estimate how old [Field-4] will be (in years) when [Field-4] dies.",How certain are you that your answer (above) is within [Field-2] years of the true value? - 60 - How certain are you that your answer (above) is within ${lm://Field/2} years of the true value?,"70 - Given that an American [Field-3] has lived at least [Field-1] years, estimate how old [Field-4] will be (in years) when [Field-4] dies.",How certain are you that your answer (above) is within [Field-2] years of the true value? - 70 - How certain are you that your answer (above) is within ${lm://Field/2} years of the true value?,"80 - Given that an American [Field-3] has lived at least [Field-1] years, estimate how old [Field-4] will be (in years) when [Field-4] dies.",How certain are you that your answer (above) is within [Field-2] years of the true value? - 80 - How certain are you that your answer (above) is within ${lm://Field/2} years of the true value?,"90 - Given that an American [Field-3] has lived at least [Field-1] years, estimate how old [Field-4] will be (in years) when [Field-4] dies.",How certain are you that your answer (above) is within [Field-2] years of the true value? - 90 - How certain are you that your answer (above) is within ${lm://Field/2} years of the true value?,"100 - Given that an American [Field-3] has lived at least [Field-1] years, estimate how old [Field-4] will be (in years) when [Field-4] dies.",How certain are you that your answer (above) is within [Field-2] years of the true value? - 100 - How certain are you that your answer (above) is within ${lm://Field/2} years of the true value?,"1 - Given that an American [Field-3] has lived at least [Field-1] years, estimate how old [Field-4] will be (in years) when [Field-4] dies.",How certain are you that your answer (above) is within [Field-2] years of the true value? - 1 - How certain are you that your answer (above) is within ${lm://Field/2} years of the true value?,"10 - Given that an American [Field-3] has lived at least [Field-1] years, estimate how old [Field-4] will be (in years) when [Field-4] dies.",How certain are you that your answer (above) is within [Field-2] years of the true value? - 10 - How certain are you that your answer (above) is within ${lm://Field/2} years of the true value?,"20 - Given that an American [Field-3] has lived at least [Field-1] years, estimate how old [Field-4] will be (in years) when [Field-4] dies.",How certain are you that your answer (above) is within [Field-2] years of the true value? - 20 - How certain are you that your answer (above) is within ${lm://Field/2} years of the true value?,"30 - Given that an American [Field-3] has lived at least [Field-1] years, estimate how old [Field-4] will be (in years) when [Field-4] dies.",How certain are you that your answer (above) is within [Field-2] years of the true value? - 30 - How certain are you that your answer (above) is within ${lm://Field/2} years of the true value?,"40 - Given that an American [Field-3] has lived at least [Field-1] years, estimate how old [Field-4] will be (in years) when [Field-4] dies.",How certain are you that your answer (above) is within [Field-2] years of the true value? - 40 - How certain are you that your answer (above) is within ${lm://Field/2} years of the true value?,"50 - Given that an American [Field-3] has lived at least [Field-1] years, estimate how old [Field-4] will be (in years) when [Field-4] dies.",How certain are you that your answer (above) is within [Field-2] years of the true value? - 50 - How certain are you that your answer (above) is within ${lm://Field/2} years of the true value?,"60 - Given that an American [Field-3] has lived at least [Field-1] years, estimate how old [Field-4] will be (in years) when [Field-4] dies.",How certain are you that your answer (above) is within [Field-2] years of the true value? - 60 - How certain are you that your answer (above) is within ${lm://Field/2} years of the true value?,"70 - Given that an American [Field-3] has lived at least [Field-1] years, estimate how old [Field-4] will be (in years) when [Field-4] dies.",How certain are you that your answer (above) is within [Field-2] years of the true value? - 70 - How certain are you that your answer (above) is within ${lm://Field/2} years of the true value?,"80 - Given that an American [Field-3] has lived at least [Field-1] years, estimate how old [Field-4] will be (in years) when [Field-4] dies.",How certain are you that your answer (above) is within [Field-2] years of the true value? - 80 - How certain are you that your answer (above) is within ${lm://Field/2} years of the true value?,"90 - Given that an American [Field-3] has lived at least [Field-1] years, estimate how old [Field-4] will be (in years) when [Field-4] dies.",How certain are you that your answer (above) is within [Field-2] years of the true value? - 90 - How certain are you that your answer (above) is within ${lm://Field/2} years of the true value?,"100 - Given that an American [Field-3] has lived at least [Field-1] years, estimate how old [Field-4] will be (in years) when [Field-4] dies.",How certain are you that your answer (above) is within [Field-2] years of the true value? - 100 - How certain are you that your answer (above) is within ${lm://Field/2} years of the true value?,"1 - Given that an American [Field-3] has lived at least [Field-1] years, estimate how old [Field-4] will be (in years) when [Field-4] dies.",How certain are you that your answer (above) is within [Field-2] years of the true value? - 1 - How certain are you that your answer (above) is within ${lm://Field/2} years of the true value?,"10 - Given that an American [Field-3] has lived at least [Field-1] years, estimate how old [Field-4] will be (in years) when [Field-4] dies.",How certain are you that your answer (above) is within [Field-2] years of the true value? - 10 - How certain are you that your answer (above) is within ${lm://Field/2} years of the true value?,"20 - Given that an American [Field-3] has lived at least [Field-1] years, estimate how old [Field-4] will be (in years) when [Field-4] dies.",How certain are you that your answer (above) is within [Field-2] years of the true value? - 20 - How certain are you that your answer (above) is within ${lm://Field/2} years of the true value?,"30 - Given that an American [Field-3] has lived at least [Field-1] years, estimate how old [Field-4] will be (in years) when [Field-4] dies.",How certain are you that your answer (above) is within [Field-2] years of the true value? - 30 - How certain are you that your answer (above) is within ${lm://Field/2} years of the true value?,"40 - Given that an American [Field-3] has lived at least [Field-1] years, estimate how old [Field-4] will be (in years) when [Field-4] dies.",How certain are you that your answer (above) is within [Field-2] years of the true value? - 40 - How certain are you that your answer (above) is within ${lm://Field/2} years of the true value?,"50 - Given that an American [Field-3] has lived at least [Field-1] years, estimate how old [Field-4] will be (in years) when [Field-4] dies.",How certain are you that your answer (above) is within [Field-2] years of the true value? - 50 - How certain are you that your answer (above) is within ${lm://Field/2} years of the true value?,"60 - Given that an American [Field-3] has lived at least [Field-1] years, estimate how old [Field-4] will be (in years) when [Field-4] dies.",How certain are you that your answer (above) is within [Field-2] years of the true value? - 60 - How certain are you that your answer (above) is within ${lm://Field/2} years of the true value?,"70 - Given that an American [Field-3] has lived at least [Field-1] years, estimate how old [Field-4] will be (in years) when [Field-4] dies.",How certain are you that your answer (above) is within [Field-2] years of the true value? - 70 - How certain are you that your answer (above) is within ${lm://Field/2} years of the true value?,"80 - Given that an American [Field-3] has lived at least [Field-1] years, estimate how old [Field-4] will be (in years) when [Field-4] dies.",How certain are you that your answer (above) is within [Field-2] years of the true value? - 80 - How certain are you that your answer (above) is within ${lm://Field/2} years of the true value?,"90 - Given that an American [Field-3] has lived at least [Field-1] years, estimate how old [Field-4] will be (in years) when [Field-4] dies.",How certain are you that your answer (above) is within [Field-2] years of the true value? - 90 - How certain are you that your answer (above) is within ${lm://Field/2} years of the true value?,"100 - Given that an American [Field-3] has lived at least [Field-1] years, estimate how old [Field-4] will be (in years) when [Field-4] dies.",How certain are you that your answer (above) is within [Field-2] years of the true value? - 100 - How certain are you that your answer (above) is within ${lm://Field/2} years of the true value?,"1 - Given that an American [Field-3] has lived at least [Field-1] years, estimate how old [Field-4] will be (in years) when [Field-4] dies.",How certain are you that your answer (above) is within [Field-2] years of the true value? - 1 - How certain are you that your answer (above) is within ${lm://Field/2} years of the true value?,"10 - Given that an American [Field-3] has lived at least [Field-1] years, estimate how old [Field-4] will be (in years) when [Field-4] dies.",How certain are you that your answer (above) is within [Field-2] years of the true value? - 10 - How certain are you that your answer (above) is within ${lm://Field/2} years of the true value?,"20 - Given that an American [Field-3] has lived at least [Field-1] years, estimate how old [Field-4] will be (in years) when [Field-4] dies.",How certain are you that your answer (above) is within [Field-2] years of the true value? - 20 - How certain are you that your answer (above) is within ${lm://Field/2} years of the true value?,"30 - Given that an American [Field-3] has lived at least [Field-1] years, estimate how old [Field-4] will be (in years) when [Field-4] dies.",How certain are you that your answer (above) is within [Field-2] years of the true value? - 30 - How certain are you that your answer (above) is within ${lm://Field/2} years of the true value?,"40 - Given that an American [Field-3] has lived at least [Field-1] years, estimate how old [Field-4] will be (in years) when [Field-4] dies.",How certain are you that your answer (above) is within [Field-2] years of the true value? - 40 - How certain are you that your answer (above) is within ${lm://Field/2} years of the true value?,"50 - Given that an American [Field-3] has lived at least [Field-1] years, estimate how old [Field-4] will be (in years) when [Field-4] dies.",How certain are you that your answer (above) is within [Field-2] years of the true value? - 50 - How certain are you that your answer (above) is within ${lm://Field/2} years of the true value?,"60 - Given that an American [Field-3] has lived at least [Field-1] years, estimate how old [Field-4] will be (in years) when [Field-4] dies.",How certain are you that your answer (above) is within [Field-2] years of the true value? - 60 - How certain are you that your answer (above) is within ${lm://Field/2} years of the true value?,"70 - Given that an American [Field-3] has lived at least [Field-1] years, estimate how old [Field-4] will be (in years) when [Field-4] dies.",How certain are you that your answer (above) is within [Field-2] years of the true value? - 70 - How certain are you that your answer (above) is within ${lm://Field/2} years of the true value?,"80 - Given that an American [Field-3] has lived at least [Field-1] years, estimate how old [Field-4] will be (in years) when [Field-4] dies.",How certain are you that your answer (above) is within [Field-2] years of the true value? - 80 - How certain are you that your answer (above) is within ${lm://Field/2} years of the true value?,"90 - Given that an American [Field-3] has lived at least [Field-1] years, estimate how old [Field-4] will be (in years) when [Field-4] dies.",How certain are you that your answer (above) is within [Field-2] years of the true value? - 90 - How certain are you that your answer (above) is within ${lm://Field/2} years of the true value?,"100 - Given that an American [Field-3] has lived at least [Field-1] years, estimate how old [Field-4] will be (in years) when [Field-4] dies.",How certain are you that your answer (above) is within [Field-2] years of the true value? - 100 - How certain are you that your answer (above) is within ${lm://Field/2} years of the true value?,What is your gender?,What is your age?,"If you have any comments, please type them here:",workerId,hitId,assignmentId,eligible
"{""ImportId"":""startDate"",""timeZone"":""America/Los_Angeles""}","{""ImportId"":""endDate"",""timeZone"":""America/Los_Angeles""}","{""ImportId"":""status""}","{""ImportId"":""progress""}","{""ImportId"":""duration""}","{""ImportId"":""finished""}","{""ImportId"":""recordedDate"",""timeZone"":""America/Los_Angeles""}","{""ImportId"":""_recordId""}","{""ImportId"":""distributionChannel""}","{""ImportId"":""userLanguage""}","{""ImportId"":""QID1716176424""}","{""ImportId"":""QID2""}","{""ImportId"":""QID140_TEXT""}","{""ImportId"":""1_QID195_TEXT""}","{""ImportId"":""1_QID196_1""}","{""ImportId"":""2_QID195_TEXT""}","{""ImportId"":""2_QID196_1""}","{""ImportId"":""3_QID195_TEXT""}","{""ImportId"":""3_QID196_1""}","{""ImportId"":""4_QID195_TEXT""}","{""ImportId"":""4_QID196_1""}","{""ImportId"":""5_QID195_TEXT""}","{""ImportId"":""5_QID196_1""}","{""ImportId"":""6_QID195_TEXT""}","{""ImportId"":""6_QID196_1""}","{""ImportId"":""7_QID195_TEXT""}","{""ImportId"":""7_QID196_1""}","{""ImportId"":""8_QID195_TEXT""}","{""ImportId"":""8_QID196_1""}","{""ImportId"":""9_QID195_TEXT""}","{""ImportId"":""9_QID196_1""}","{""ImportId"":""10_QID195_TEXT""}","{""ImportId"":""10_QID196_1""}","{""ImportId"":""11_QID195_TEXT""}","{""ImportId"":""11_QID196_1""}","{""ImportId"":""12_QID195_TEXT""}","{""ImportId"":""12_QID196_1""}","{""ImportId"":""13_QID195_TEXT""}","{""ImportId"":""13_QID196_1""}","{""ImportId"":""14_QID195_TEXT""}","{""ImportId"":""14_QID196_1""}","{""ImportId"":""15_QID195_TEXT""}","{""ImportId"":""15_QID196_1""}","{""ImportId"":""16_QID195_TEXT""}","{""ImportId"":""16_QID196_1""}","{""ImportId"":""17_QID195_TEXT""}","{""ImportId"":""17_QID196_1""}","{""ImportId"":""18_QID195_TEXT""}","{""ImportId"":""18_QID196_1""}","{""ImportId"":""19_QID195_TEXT""}","{""ImportId"":""19_QID196_1""}","{""ImportId"":""20_QID195_TEXT""}","{""ImportId"":""20_QID196_1""}","{""ImportId"":""21_QID195_TEXT""}","{""ImportId"":""21_QID196_1""}","{""ImportId"":""22_QID195_TEXT""}","{""ImportId"":""22_QID196_1""}","{""ImportId"":""23_QID195_TEXT""}","{""ImportId"":""23_QID196_1""}","{""ImportId"":""24_QID195_TEXT""}","{""ImportId"":""24_QID196_1""}","{""ImportId"":""25_QID195_TEXT""}","{""ImportId"":""25_QID196_1""}","{""ImportId"":""26_QID195_TEXT""}","{""ImportId"":""26_QID196_1""}","{""ImportId"":""27_QID195_TEXT""}","{""ImportId"":""27_QID196_1""}","{""ImportId"":""28_QID195_TEXT""}","{""ImportId"":""28_QID196_1""}","{""ImportId"":""29_QID195_TEXT""}","{""ImportId"":""29_QID196_1""}","{""ImportId"":""30_QID195_TEXT""}","{""ImportId"":""30_QID196_1""}","{""ImportId"":""31_QID195_TEXT""}","{""ImportId"":""31_QID196_1""}","{""ImportId"":""32_QID195_TEXT""}","{""ImportId"":""32_QID196_1""}","{""ImportId"":""33_QID195_TEXT""}","{""ImportId"":""33_QID196_1""}","{""ImportId"":""34_QID195_TEXT""}","{""ImportId"":""34_QID196_1""}","{""ImportId"":""35_QID195_TEXT""}","{""ImportId"":""35_QID196_1""}","{""ImportId"":""36_QID195_TEXT""}","{""ImportId"":""36_QID196_1""}","{""ImportId"":""37_QID195_TEXT""}","{""ImportId"":""37_QID196_1""}","{""ImportId"":""38_QID195_TEXT""}","{""ImportId"":""38_QID196_1""}","{""ImportId"":""39_QID195_TEXT""}","{""ImportId"":""39_QID196_1""}","{""ImportId"":""40_QID195_TEXT""}","{""ImportId"":""40_QID196_1""}","{""ImportId"":""41_QID195_TEXT""}","{""ImportId"":""41_QID196_1""}","{""ImportId"":""42_QID195_TEXT""}","{""ImportId"":""42_QID196_1""}","{""ImportId"":""43_QID195_TEXT""}","{""ImportId"":""43_QID196_1""}","{""ImportId"":""44_QID195_TEXT""}","{""ImportId"":""44_QID196_1""}","{""ImportId"":""45_QID195_TEXT""}","{""ImportId"":""45_QID196_1""}","{""ImportId"":""46_QID195_TEXT""}","{""ImportId"":""46_QID196_1""}","{""ImportId"":""47_QID195_TEXT""}","{""ImportId"":""47_QID196_1""}","{""ImportId"":""48_QID195_TEXT""}","{""ImportId"":""48_QID196_1""}","{""ImportId"":""49_QID195_TEXT""}","{""ImportId"":""49_QID196_1""}","{""ImportId"":""50_QID195_TEXT""}","{""ImportId"":""50_QID196_1""}","{""ImportId"":""51_QID195_TEXT""}","{""ImportId"":""51_QID196_1""}","{""ImportId"":""52_QID195_TEXT""}","{""ImportId"":""52_QID196_1""}","{""ImportId"":""53_QID195_TEXT""}","{""ImportId"":""53_QID196_1""}","{""ImportId"":""54_QID195_TEXT""}","{""ImportId"":""54_QID196_1""}","{""ImportId"":""55_QID195_TEXT""}","{""ImportId"":""55_QID196_1""}","{""ImportId"":""56_QID195_TEXT""}","{""ImportId"":""56_QID196_1""}","{""ImportId"":""57_QID195_TEXT""}","{""ImportId"":""57_QID196_1""}","{""ImportId"":""58_QID195_TEXT""}","{""ImportId"":""58_QID196_1""}","{""ImportId"":""59_QID195_TEXT""}","{""ImportId"":""59_QID196_1""}","{""ImportId"":""60_QID195_TEXT""}","{""ImportId"":""60_QID196_1""}","{""ImportId"":""61_QID195_TEXT""}","{""ImportId"":""61_QID196_1""}","{""ImportId"":""62_QID195_TEXT""}","{""ImportId"":""62_QID196_1""}","{""ImportId"":""63_QID195_TEXT""}","{""ImportId"":""63_QID196_1""}","{""ImportId"":""64_QID195_TEXT""}","{""ImportId"":""64_QID196_1""}","{""ImportId"":""65_QID195_TEXT""}","{""ImportId"":""65_QID196_1""}","{""ImportId"":""66_QID195_TEXT""}","{""ImportId"":""66_QID196_1""}","{""ImportId"":""67_QID195_TEXT""}","{""ImportId"":""67_QID196_1""}","{""ImportId"":""68_QID195_TEXT""}","{""ImportId"":""68_QID196_1""}","{""ImportId"":""69_QID195_TEXT""}","{""ImportId"":""69_QID196_1""}","{""ImportId"":""70_QID195_TEXT""}","{""ImportId"":""70_QID196_1""}","{""ImportId"":""71_QID195_TEXT""}","{""ImportId"":""71_QID196_1""}","{""ImportId"":""72_QID195_TEXT""}","{""ImportId"":""72_QID196_1""}","{""ImportId"":""73_QID195_TEXT""}","{""ImportId"":""73_QID196_1""}","{""ImportId"":""74_QID195_TEXT""}","{""ImportId"":""74_QID196_1""}","{""ImportId"":""75_QID195_TEXT""}","{""ImportId"":""75_QID196_1""}","{""ImportId"":""76_QID195_TEXT""}","{""ImportId"":""76_QID196_1""}","{""ImportId"":""77_QID195_TEXT""}","{""ImportId"":""77_QID196_1""}","{""ImportId"":""78_QID195_TEXT""}","{""ImportId"":""78_QID196_1""}","{""ImportId"":""79_QID195_TEXT""}","{""ImportId"":""79_QID196_1""}","{""ImportId"":""80_QID195_TEXT""}","{""ImportId"":""80_QID196_1""}","{""ImportId"":""81_QID195_TEXT""}","{""ImportId"":""81_QID196_1""}","{""ImportId"":""82_QID195_TEXT""}","{""ImportId"":""82_QID196_1""}","{""ImportId"":""83_QID195_TEXT""}","{""ImportId"":""83_QID196_1""}","{""ImportId"":""84_QID195_TEXT""}","{""ImportId"":""84_QID196_1""}","{""ImportId"":""85_QID195_TEXT""}","{""ImportId"":""85_QID196_1""}","{""ImportId"":""86_QID195_TEXT""}","{""ImportId"":""86_QID196_1""}","{""ImportId"":""87_QID195_TEXT""}","{""ImportId"":""87_QID196_1""}","{""ImportId"":""88_QID195_TEXT""}","{""ImportId"":""88_QID196_1""}","{""ImportId"":""QID1716172369""}","{""ImportId"":""QID1716172370_TEXT""}","{""ImportId"":""QID97_TEXT""}","{""ImportId"":""workerId""}","{""ImportId"":""hitId""}","{""ImportId"":""assignmentId""}","{""ImportId"":""eligible""}"
1/13/2026 7:41,1/13/2026 7:43,IP Address,100,129,TRUE,1/13/2026 7:43,R_7EbeSHTNdnrW82R,anonymous,EN,Accept,Every four years,Eggplant,,,,,,,,,,,,,,,,,,,,,,,,,,,,,,,,,,,,,70,52,,,,,,,,,,,,,,,,,,,,,,,,,,,,,,,,,,,,,40,68,75,33,,,,,,,,,100,22,,,,,,,,,,,50,57,,,,,,,,,100,33,,,,,,,,,40,79,,,60,57,,,,,,,100,43,,,,,,,,,,,,,60,41,,,,,,,,,,,,,,,,,,,,,,,,,,,,,,,Female,37,None,,,,1
1/13/2026 7:40,1/13/2026 7:43,IP Address,100,188,TRUE,1/13/2026 7:43,R_5I5XzI0QdEGGPKP,anonymous,EN,Accept,Every four years,Eggplant,,,,,,,,,,,,,,,,,,,,,,,,,,,,,,,,,,,,,,,,,,,,,,,,,,,,,,,,,,,,,,,95,95,,,,,,,,,,,,,,,,,85,100,,,,,,,,,,,,,,,,,,,,,,,,,95,0,,,85,0,,,,,,,,,,,,,85,80,,,,,103,100,85,5,,,,,,,85,90,,,,,,,,,,,,,,,85,15,,,,,,,,,85,95,,,,,,,,,Male,23,I have no comments today.,,,,1
1/13/2026 7:40,1/13/2026 7:44,IP Address,100,200,TRUE,1/13/2026 7:44,R_1Ecf66cdnsTvrRx,anonymous,EN,Accept,Every four years,eggplant,,,,,78,60,,,,,,,,,,,,,,,,,,,,,,,,,,,,,,,80,80,,,,,,,,,,,78,100,,,,,,,,,,,84,100,,,,,,,,,78,100,,,,,,,,,,,,,,,,,,,,,76,50,,,,,,,,,,,,,,,,,,,,,,,,,,,,,78,70,78,100,,,,,104,100,,,,,76,100,,,,,,,,,,,,,,,,,,,,,,,,,,,,,,,,,,,,,,,Female,49,Thankyou for the opportunity to participate!,,,,1
1/13/2026 7:41,1/13/2026 7:44,IP Address,100,183,TRUE,1/13/2026 7:44,R_5anm7bHNeZAlflv,anonymous,EN,Accept,Every four years,eggplant,,,,,,,,,,,,,79,63,,,,,,,,,,,,,,,,,,,,,,,,,,,98,70,,,,,85,79,,,75,36,,,,,,,,,,,,,,,,,,,,,,,90,51,,,,,,,90,41,,,,,,,,,,,,,,,,,,,,,,,95,51,,,,,,,,,,,,,,,,,,,,,,,,,,,,,,,,,,,,,,,,,,,,,,,82,81,,,,,,,,,85,67,,,85,88,,,,,,,Female,32,thank you!,,,,1
1/13/2026 7:44,1/13/2026 7:44,IP Address,100,22,TRUE,1/13/2026 7:44,R_1bI9trdN0F6FRlM,anonymous,EN,Accept,Every three years,eggplant,,,,,,,,,,,,,,,,,,,,,,,,,,,,,,,,,,,,,,,,,,,,,,,,,,,,,,,,,,,,,,,,,,,,,,,,,,,,,,,,,,,,,,,,,,,,,,,,,,,,,,,,,,,,,,,,,,,,,,,,,,,,,,,,,,,,,,,,,,,,,,,,,,,,,,,,,,,,,,,,,,,,,,,,,,,,,,,,,,,,,,,
1/13/2026 7:42,1/13/2026 7:44,IP Address,100,168,TRUE,1/13/2026 7:44,R_3gLr273gkzGHJmC,anonymous,EN,Accept,Every four years,eggplant,,,,,,,,,,,77,10,,,,,87,10,,,,,,,,,,,,,,,88,70,,,,,,,92,100,,,,,89,75,,,,,,,,,,,,,,,,,101,100,,,,,,,,,,,,,,,,,,,,,102,100,,,,,,,,,,,,,,,,,,,,,,,,,,,82,60,,,,,77,25,,,,,,,,,,,,,,,,,,,,,,,,,,,,,,,,,,,,,,,,,,,,,,,,,87,100,,,,,Male,39,n/a,,,,1
1/13/2026 7:41,1/13/2026 7:45,IP Address,100,205,TRUE,1/13/2026 7:45,R_1inEz8mw40Y5s0U,anonymous,EN,Accept,Every four years,eggplant,,,,,,,68,0,73,30,,,,,,,88,4,,,,,,,,,,,,,71,100,,,,,89,58,,,,,,,,,,,,,,,,,,,,,,,,,99,71,,,,,65,100,,,,,73,100,,,,,,,,,,,,,,,,,,,,,73,9,,,,,,,,,,,,,,,,,,,,,,,,,73,60,,,,,,,,,,,,,,,,,,,,,,,,,,,,,,,,,,,,,,,,,,,,,,,,,,,,,Male,46,no,,,,1
1/13/2026 7:39,1/13/2026 7:45,IP Address,100,321,TRUE,1/13/2026 7:45,R_3QQaFzRgFJzVhc4,anonymous,EN,Accept,Every four years,Eggplant,,,99,75,98,60,,,,,,,,,,,,,,,,,,,,,,,,,,,,,,,,,,,,,,,,,,,,,,,,,,,,,,,,,,,,,,,,,,,,,,,,,,,98,61,,,,,,,88,71,,,85,60,,,,,,,,,,,,,,,,,,,,,,,,,,,,,85,65,,,,,,,,,,,,,,,86,65,,,,,,,85,30,,,,,,,85,51,,,87,60,,,,,,,,,,,,,,,,,Female,31,"Maybe add some sort of other information like what they do for a living, etc. to make a better guess. ",,,,1
1/13/2026 7:41,1/13/2026 7:45,IP Address,100,217,TRUE,1/13/2026 7:45,R_1ql4EAOsOvk9mDf,anonymous,EN,Accept,Every four years,eggplant,,,,,,,,,80,34,80,72,,,,,,,,,,,,,,,,,,,,,,,,,,,,,,,,,,,,,,,,,,,,,,,,,,,,,,,,,76,72,,,,,,,,,,,,,84,38,,,,,,,,,,,,,75,51,,,,,80,41,,,,,,,,,65,76,,,75,61,,,,,,,,,,,,,,,,,,,75,39,,,,,,,,,,,,,,,,,,,,,,,,,,,,,,,,,,,92,71,,,Female,57,none,,,,1
1/13/2026 7:42,1/13/2026 7:45,IP Address,100,203,TRUE,1/13/2026 7:45,R_5CGVP8FdcdHrfYD,anonymous,EN,Accept,Every four years,eggplant,,,,,,,,,,,,,75,54,,,,,92,55,,,78,92,,,,,,,,,,,,,,,,,,,,,,,,,,,,,,,,,,,,,,,94,100,,,,,,,,,,,,,,,,,,,,,,,,,,,,,,,,,,,,,70,77,,,83,57,,,,,73,90,73,91,,,,,,,,,,,,,,,,,,,,,,,,,,,,,,,,,75,97,,,,,,,,,,,,,74,98,,,,,,,,,,,,,,,Male,53,no comments,,,,1
1/13/2026 7:42,1/13/2026 7:45,IP Address,100,193,TRUE,1/13/2026 7:46,R_3mBlcV35SwHlg9r,anonymous,EN,Accept,Every four years,eggplant,,,,,,,,,,,,,,,,,,,,,,,,,,,75,60,,,,,,,,,,,,,,,,,,,75,60,,,75,80,,,,,,,,,,,,,,,,,,,,,,,,,,,85,95,85,100,,,,,,,,,,,,,,,,,70,15,,,,,,,97,60,102,75,,,,,,,,,,,70,50,,,,,,,,,,,,,,,,,,,,,,,,,,,,,,,,,75,80,,,,,,,,,,,,,,,,,,,,,Female,53,None,,,,1
1/13/2026 7:42,1/13/2026 7:46,IP Address,100,239,TRUE,1/13/2026 7:46,R_5QDktNSk646qxUo,anonymous,EN,Accept,Every four years,eggplant,75,100,,,,,,,,,,,,,,,,,,,,,,,,,,,,,75,100,,,,,,,84,100,,,,,,,,,,,75,100,75,100,,,,,,,,,,,,,,,,,,,,,,,,,,,,,,,,,,,,,,,,,70,100,,,,,,,,,,,,,,,,,,,,,,,,,,,,,,,,,,,,,,,,,,,,,,,,,,,,,,,,,,,73,100,,,,,,,73,100,,,,,73,100,82,100,,,,,Male,50,Thank you,,,,1
1/13/2026 7:42,1/13/2026 7:46,IP Address,100,218,TRUE,1/13/2026 7:46,R_6iPeRbXmbKMAXOu,anonymous,EN,Accept,Every four years,Eggplant,,,82,80,,,,,,,,,,,,,,,,,,,,,,,,,90,75,,,,,,,,,,,,,,,,,,,,,,,,,,,,,,,,,,,,,,,,,,,,,,,,,85,80,,,90,80,,,,,,,,,,,,,,,,,,,85,81,,,,,,,,,,,,,,,85,70,,,,,85,80,85,75,98,80,,,,,,,,,,,,,,,,,,,,,,,,,,,80,80,,,,,,,,,,,,,,,,,,,Female,45,Interesting survey. ,,,,1
1/13/2026 7:41,1/13/2026 7:46,IP Address,100,291,TRUE,1/13/2026 7:46,R_1OJzYQBwNUZmrXO,anonymous,EN,Accept,Every four years,Eggplant,,,,,78,16,76,15,,,,,,,88,16,,,95,80,,,,,,,,,,,,,,,,,,,,,,,,,75,80,,,,,,,78,60,,,,,,,,,,,,,,,,,68,50,,,,,,,,,,,,,,,,,,,,,,,,,,,,,,,,,,,,,,,,,,,,,,,,,,,,,,,,,,,,,,,,,72,76,,,,,75,75,,,,,,,,,,,,,,,,,,,,,,,,,80,96,,,,,,,Male,35,none,,,,1
1/13/2026 7:43,1/13/2026 7:46,IP Address,100,200,TRUE,1/13/2026 7:46,R_1dKUJ3AA1JKTnsG,anonymous,EN,Accept,Every four years,eggplant,,,,,80,66,,,,,,,,,,,,,,,,,85,83,,,,,,,,,,,,,81,81,,,,,,,,,,,,,,,83,62,,,,,,,,,,,,,,,,,,,,,,,,,,,,,,,,,,,,,,,,,,,78,57,,,,,,,,,,,,,,,,,,,,,,,,,,,,,,,,,104,91,,,,,,,,,,,,,,,,,85,83,,,,,,,,,,,,,,,,,,,,,82,65,95,75,101,70,Male,61,none,,,,1
1/13/2026 7:41,1/13/2026 7:47,IP Address,100,309,TRUE,1/13/2026 7:47,R_5wnIErTB11UpOQk,anonymous,EN,Accept,Every four years,Eggplant,,,,,,,,,76,60,,,,,,,,,,,,,,,,,,,80,70,,,,,,,,,,,,,,,,,76,80,,,,,80,90,,,,,,,,,,,,,,,,,,,,,,,,,78,100,,,,,,,101,100,,,,,,,75,40,,,,,,,,,,,,,102,50,,,,,,,,,,,,,,,,,,,,,,,,,76,60,,,,,,,,,,,,,,,,,,,,,,,,,,,,,,,,,,,,,,,101,100,Female,40,None.,,,,1
1/13/2026 7:42,1/13/2026 7:47,IP Address,100,272,TRUE,1/13/2026 7:47,R_32lwJEOKFbInfLB,anonymous,EN,Accept,Every four years,eggplant,,,77,60,,,,,,,,,,,,,,,,,,,,,,,,,,,,,,,,,,,,,,,,,,,77,100,,,,,,,,,,,,,,,,,,,,,,,,,77,100,,,,,,,,,,,,,101,100,,,76,50,75,55,75,50,75,50,,,,,,,,,,,,,,,,,,,,,,,75,95,,,76,81,,,,,,,,,,,,,,,,,,,,,,,,,,,,,,,,,,,,,,,,,,,,,,,,,,,Female,25,n/a,,,,1
1/13/2026 7:44,1/13/2026 7:47,IP Address,100,165,TRUE,1/13/2026 7:47,R_1CekariatiC78jb,anonymous,EN,Accept,Every four years,eggplant,,,,,,,,,85,5,90,2,,,88,2,,,,,,,,,,,,,,,,,,,88,70,,,,,96,75,105,100,,,,,,,,,,,,,,,,,,,,,,,,,,,,,,,,,,,,,,,95,100,,,,,,,85,20,,,,,,,,,,,,,,,,,,,88,36,,,,,,,,,,,,,,,,,,,,,,,,,,,,,,,,,,,,,,,,,,,,,,,,,,,,,,,,,,,90,100,,,,,Male,51,thanks,,,,1
1/13/2026 7:40,1/13/2026 7:47,IP Address,100,425,TRUE,1/13/2026 7:47,R_7kHSIqO4JmooXwq,anonymous,EN,Accept,Every four years,eggplant,,,85,72,,,,,,,,,,,,,,,,,,,,,,,,,,,,,,,65,81,,,85,92,,,,,,,,,,,,,,,,,,,,,,,,,100,86,,,,,,,,,,,,,,,,,,,,,,,,,,,,,,,,,,,,,,,,,,,,,1,100,,,,,,,,,60,86,67,76,72,81,,,,,,,,,,,,,,,,,,,,,74,70,,,,,,,,,,,,,,,,,,,,,,,,,90,100,,,Male,49,everything in the study worked good i enjoyed taking it,,,,1
1/13/2026 7:44,1/13/2026 7:47,IP Address,100,147,TRUE,1/13/2026 7:47,R_7N2oQ7muDF539x4,anonymous,EN,Accept,Every four years,eggplant,60,0,,,,,77,23,,,,,,,,,,,,,,,,,,,77,19,,,,,,,,,,,,,,,,,,,77,60,,,,,,,77,11,80,0,,,,,,,,,,,,,77,90,,,,,,,,,,,,,,,,,,,,,,,,,,,,,,,,,,,,,,,,,,,,,,,,,,,,,,,,,,,,,,,,,,,,,,,74,71,,,,,,,,,,,60,61,,,,,,,,,,,,,82,91,,,,,,,Male,28,N/A,,,,1
1/13/2026 7:43,1/13/2026 7:47,IP Address,100,241,TRUE,1/13/2026 7:47,R_68j6G8xJJyaBNMR,anonymous,EN,Accept,Every four years,Eggplant,60,30,,,,,,,,,,,,,,,,,,,,,,,,,,,,,78,40,,,,,,,86,85,,,,,,,,,,,,,,,78,75,,,82,90,,,99,90,,,,,,,,,,,,,77,88,,,,,,,99,100,,,,,,,,,,,,,,,,,,,,,,,,,,,,,,,,,,,,,,,,,,,,,,,,,,,,,75,63,,,,,,,,,,,,,,,,,,,70,50,,,,,,,,,,,,,,,,,Female,34,"It's really hard to guess an age that someone will die, the ages I estimated for younger people are probably a bit more arbitrary that those for older people",,,,1
1/13/2026 7:43,1/13/2026 7:47,IP Address,100,252,TRUE,1/13/2026 7:47,R_1Hjh2PFuuNah6pS,anonymous,EN,Accept,Every four years,Eggplant,,,,,,,,,,,,,,,,,,,,,,,,,,,,,,,,,78,15,,,,,,,,,,,,,,,,,,,,,,,,,,,,,96,90,,,,,,,,,,,,,,,,,,,,,,,105,100,80,65,,,,,,,,,,,,,86,20,,,,,,,,,86,80,,,,,,,75,80,,,,,90,100,,,,,,,,,,,,,,,,,,,,,,,,,102,85,,,,,,,,,,,,,80,100,,,,,,,,,Female,31,"This was an interesting study I'd love to do more, if I'm contacted I'll accept",,,,1
1/13/2026 7:42,1/13/2026 7:47,IP Address,100,350,TRUE,1/13/2026 7:47,R_7J5mhzabesP81tn,anonymous,EN,Accept,Every four years,eggplant,,,,,,,,,,,,,,,,,,,,,,,1,2,,,,,,,,,,,,,70,60,,,,,,,,,,,,,,,,,,,,,,,,,,,,,,,,,20,10,,,,,,,,,,,,,,,100,73,,,,,,,,,,,,,,,,,,,,,100,24,,,,,,,,,,,,,,,,,,,,,100,54,,,,,,,30,10,,,,,,,,,80,65,,,,,,,,,,,30,11,,,,,,,,,,,,,100,75,Female,46,none,,,,1
1/13/2026 7:41,1/13/2026 7:48,IP Address,100,422,TRUE,1/13/2026 7:48,R_71auaTDnqTg8ZVG,anonymous,EN,Accept,Every four years,Eggplant ,75,11,,,,,,,76,5,,,,,,,,,,,,,,,,,,,,,,,,,,,,,,,,,,,,,,,,,75,40,,,,,,,,,,,100,88,,,75,72,,,,,,,,,,,80,76,,,,,,,,,,,,,,,,,,,,,,,,,,,,,,,,,,,,,70,34,,,,,,,,,,,,,,,,,,,,,70,39,74,59,,,,,,,,,,,,,,,,,,,70,66,,,,,,,,,,,,,,,Male,34,Thanks for the opportunity ,,,,1
1/13/2026 7:45,1/13/2026 7:48,IP Address,100,173,TRUE,1/13/2026 7:48,R_5e2fiUHDhFQlIGQ,anonymous,EN,Accept,Every four years,eggplant,,,,,,,,,,,,,,,,,88,86,,,,,,,,,,,,,,,,,,,,,,,,,,,56,69,,,,,,,65,73,,,,,,,,,,,,,,,,,,,,,,,63,96,,,82,91,,,95,93,,,,,,,82,80,,,,,,,,,,,,,,,,,,,,,,,,,,,,,,,78,84,,,,,,,75,83,,,,,,,,,,,,,,,,,,,,,,,,,,,50,80,,,,,,,,,,,,,,,Female,57,Thank you,,,,1
1/13/2026 7:45,1/13/2026 7:48,IP Address,100,190,TRUE,1/13/2026 7:48,R_13ZDv856Y2hMQiv,anonymous,EN,Accept,Every four years,Eggplant ,,,,,,,,,,,,,,,,,,,,,,,80,89,,,,,,,,,,,80,72,,,,,,,,,,,85,73,,,,,,,,,,,75,50,,,,,,,,,,,,,,,,,,,,,,,,,,,,,90,100,,,90,39,,,,,,,,,,,,,,,,,80,100,,,,,,,,,,,80,36,80,28,,,,,,,,,80,58,,,,,,,,,,,,,,,,,,,,,,,,,,,,,,,,,,,,,,,,,Female,,I don’t have any questions,,,,1
1/13/2026 7:44,1/13/2026 7:49,IP Address,100,267,TRUE,1/13/2026 7:49,R_1OOFOwDORN4C3hT,anonymous,EN,Accept,Every four years,eggplant,,,,,,,82,62,,,,,,,,,,,,,,,,,,,,,82,70,84,70,,,82,59,,,86,51,,,,,,,,,,,,,,,,,,,,,,,,,,,,,,,,,,,,,92,51,,,,,,,,,,,,,,,,,,,,,,,,,,,,,,,,,,,,,,,,,,,,,,,,,,,,,102,68,,,,,,,72,81,,,,,,,92,50,,,,,,,,,,,,,,,,,,,,,94,49,,,,,,,Male,35,"I tried to do my best. However, my answers may be off because I am not very knowledgeable on this topic.",,,,1
1/13/2026 7:45,1/13/2026 7:49,IP Address,100,226,TRUE,1/13/2026 7:49,R_5OGybnTgk1z7oAL,anonymous,EN,Accept,Every four years,eggplant,,,,,,,,,,,,,,,,,,,95,100,,,75,69,,,,,,,,,,,,,,,,,,,,,,,,,,,,,,,,,,,,,,,,,,,,,,,,,50,100,70,100,,,89,100,,,,,,,,,,,,,,,80,70,,,,,,,,,,,95,100,,,,,,,,,,,85,68,,,,,,,,,,,,,,,60,65,,,,,,,,,,,85,64,,,,,,,,,,,,,,,,,,,,,,,,,,,,,Female,25,n/a,,,,1
1/13/2026 7:40,1/13/2026 7:49,IP Address,100,524,TRUE,1/13/2026 7:49,R_1aAHrjSeQ7GZrCp,anonymous,EN,Accept,Every four years,eggplant,,,,,80,1,,,,,,,,,,,,,,,,,,,,,,,,,80,22,,,80,30,,,,,,,,,,,,,,,,,,,,,,,,,,,,,,,,,,,,,,,,,,,80,95,,,,,,,,,,,,,,,,,,,,,,,,,,,,,,,,,75,5,78,15,,,78,20,,,,,,,,,,,106,95,,,,,,,,,,,,,,,,,,,,,,,,,,,78,80,,,,,78,60,,,,,,,,,,,Male,37,No comment,,,,1
1/13/2026 7:43,1/13/2026 7:49,IP Address,100,391,TRUE,1/13/2026 7:49,R_5SwCd9gYMpKAGqU,anonymous,EN,Accept,Every four years,eggplant,,,,,,,,,82,81,,,,,,,,,,,,,,,,,,,,,,,82,85,,,,,,,,,,,81,98,,,,,,,,,,,,,,,,,,,,,81,100,,,,,,,,,,,,,,,,,,,,,,,79,11,,,,,,,76,3,,,,,,,,,,,,,,,,,,,,,,,,,,,,,,,,,,,,,,,79,88,,,71,82,,,,,85,95,,,,,,,,,,,,,79,97,,,,,,,,,,,,,Female,32,"I'm interested in whether or not the information of ""given that s/he has lived X amount of years"" should change the estimate or not",,,,1
1/13/2026 7:45,1/13/2026 7:50,IP Address,100,285,TRUE,1/13/2026 7:50,R_3fCeVannU6MhjTv,anonymous,EN,Accept,Every four years,eggplant,,,,,,,,,,,,,,,,,,,,,102,60,,,,,,,,,,,,,,,76,70,,,,,,,,,,,,,,,,,,,,,,,,,95,90,102,95,,,,,,,,,,,,,,,,,,,,,,,75,2,,,75,5,,,,,,,75,5,,,,,,,,,,,,,76,70,,,75,20,,,75,25,,,,,,,,,,,,,,,,,,,,,,,,,,,,,,,,,,,,,,,,,,,,,,,,,,,,,Male,40,nope,,,,1
1/13/2026 7:48,1/13/2026 7:50,IP Address,100,140,TRUE,1/13/2026 7:50,R_71BDK9hFaUbdtMS,anonymous,EN,Accept,Every four years,eggplant,,,,,,,,,,,,,80,84,,,,,,,,,,,,,,,,,,,,,,,,,,,,,,,,,,,,,80,85,,,80,80,,,,,,,,,,,,,,,,,,,,,,,,,,,,,,,102,84,,,,,,,,,,,,,,,,,,,,,101,73,70,75,70,70,,,70,84,,,,,,,,,,,,,,,,,,,,,,,,,,,,,,,,,,,,,,,,,70,70,,,,,,,70,78,,,,,,,,,Female,28,NA,,,,1
1/13/2026 7:45,1/13/2026 7:51,IP Address,100,372,TRUE,1/13/2026 7:51,R_3X4pfi8tsAlwIaB,anonymous,EN,Accept,Every four years,eggplant,,,,,,,,,,,,,78,4,,,,,,,105,4,,,,,,,,,,,,,,,,,,,,,,,,,,,,,,,,,,,,,,,,,,,,,,,,,,,,,,,75,90,,,,,,,,,,,,,,,,,,,,,,,75,3,,,,,,,,,,,,,,,78,18,75,23,,,,,,,,,95,31,,,,,,,,,,,,,,,,,,,,,,,,,,,,,80,81,,,,,78,89,,,,,,,,,103,95,Male,61,I estimated based on what I heard average life span is.  and if someone is 20 now they will live longer than today.  ,,,,1
1/13/2026 7:48,1/13/2026 7:51,IP Address,100,193,TRUE,1/13/2026 7:51,R_6drlLDOyR308bYZ,anonymous,EN,Accept,Every four years,eggplant,75,50,,,75,20,,,,,,,,,,,,,,,,,,,,,,,,,78,80,,,,,,,,,,,,,,,,,,,,,,,,,,,,,,,,,,,,,77,80,,,,,,,75,90,,,,,,,,,,,,,,,,,,,,,,,,,,,,,,,,,,,,,,,,,,,,,,,,,,,,,,,,,,,,,,,,,75,80,,,77,85,,,92,95,,,75,91,,,,,,,,,,,,,,,84,95,,,,,Female,72,None,,,,1
1/13/2026 7:48,1/13/2026 7:51,IP Address,100,179,TRUE,1/13/2026 7:51,R_7c2yuZqeQZmKkkz,anonymous,EN,Accept,Every four years,Eggplant ,,,,,77,25,,,,,,,,,,,,,,,,,78,19,,,,,,,,,,,,,,,,,,,,,,,,,,,,,,,,,,,,,,,,,,,,,,,,,,,65,94,,,,,,,,,,,,,72,31,,,,,,,,,,,,,,,,,,,,,,,,,,,,,69,56,,,,,,,85,91,,,,,,,,,,,,,69,61,72,93,,,,,,,,,,,,,,,,,,,,,79,97,,,77,96,,,,,,,Female,35,None,,,,1
1/13/2026 7:48,1/13/2026 7:51,IP Address,100,218,TRUE,1/13/2026 7:51,R_614cWOr27DxJlft,anonymous,EN,Accept,Every four years,Eggplant,,,,,,,,,,,,,,,,,,,95,89,,,,,,,,,,,,,,,,,,,,,,,,,,,60,64,63,29,,,,,,,,,,,,,,,,,,,,,67,68,,,,,,,,,,,,,,,,,,,,,,,,,,,,,,,,,,,,,,,,,,,,,73,58,,,84,44,,,,,,,,,,,45,48,,,,,,,,,,,,,,,,,,,,,50,42,,,,,,,,,,,80,86,,,,,,,102,19,Female,22,This was an interesting study!,,,,1
1/13/2026 7:45,1/13/2026 7:52,IP Address,100,409,TRUE,1/13/2026 7:52,R_7A0Vq05cFYdjCxd,anonymous,EN,Accept,Every four years,Eggplant,,,,,80,45,,,,,,,,,,,,,,,103,70,,,78,40,,,,,,,,,,,,,,,,,,,,,,,,,,,,,80,70,,,,,,,,,,,,,,,,,,,,,,,,,82,65,,,,,,,,,,,,,,,,,,,,,,,,,,,,,,,,,,,77,50,,,,,,,,,89,40,,,,,,,,,,,,,78,50,,,,,,,,,,,102,76,,,,,,,,,,,,,,,,,,,,,102,90,Female,36,No comments,,,,1
1/13/2026 7:49,1/13/2026 7:52,IP Address,100,198,TRUE,1/13/2026 7:52,R_6swwWOPvRVUw1yN,anonymous,EN,Accept,Every four years,Eggplant,,,,,,,,,,,,,,,,,,,,,,,,,,,,,,,,,,,,,,,,,,,,,,,,,,,,,,,,,,,90,60,,,93,100,,,,,,,,,,,,,88,75,,,,,91,100,,,,,,,89,0,,,,,,,,,,,,,,,95,0,,,,,,,90,10,,,,,,,85,25,,,,,,,,,,,,,79,70,,,,,,,,,,,,,,,,,,,,,,,,,,,,,,,,,,,96,100,,,Female,67,none,,,,1
1/13/2026 7:49,1/13/2026 7:52,IP Address,100,212,TRUE,1/13/2026 7:52,R_6v5QRWGFF1nhe7o,anonymous,EN,Accept,Every four years,eggplant,79,30,,,,,,,,,78,25,,,,,,,92,46,,,79,45,,,,,,,80,50,,,,,,,,,,,,,,,,,,,,,79,85,80,80,80,85,,,,,,,,,,,,,,,,,,,,,,,,,83,96,,,,,,,,,,,,,,,,,,,,,,,,,,,,,,,,,,,,,,,,,,,,,,,,,,,,,,,,,,,,,,,,,,,,,,,,,,,,,,,,,,,,,80,95,,,,,,,Female,39,n/a,,,,1
1/13/2026 7:50,1/13/2026 7:52,IP Address,100,146,TRUE,1/13/2026 7:52,R_7JRXHJRnxDx82Ax,anonymous,EN,Accept,Every four years,eggplant,,,,,,,,,,,,,,,91,20,,,,,,,,,,,,,,,,,,,,,,,,,,,101,100,,,,,,,,,,,,,,,91,85,,,,,,,,,,,,,,,,,91,95,,,91,95,,,,,,,,,,,,,88,0,,,,,,,,,,,,,,,,,,,,,,,88,68,,,,,,,,,92,100,,,,,,,,,,,,,,,,,,,88,93,,,,,,,,,80,90,,,,,,,,,,,,,,,,,Female,30,Thank you!,,,,1
1/13/2026 7:49,1/13/2026 7:53,IP Address,100,201,TRUE,1/13/2026 7:53,R_3zcfSCPVWqAyFdP,anonymous,EN,Accept,Every four years,Eggplant ,,,,,,,,,,,,,80,33,,,,,,,,,68,33,85,75,,,,,,,,,,,,,85,96,91,87,,,,,,,,,,,,,,,70,90,,,,,,,,,,,,,,,,,,,,,,,,,,,,,101,100,,,,,,,,,69,18,,,,,,,,,,,,,,,,,,,,,,,,,,,,,,,,,,,,,,,65,87,,,,,,,,,,,,,,,,,,,,,,,,,70,95,,,,,,,,,,,,,Male,24,None,,,,1
1/13/2026 7:47,1/13/2026 7:53,IP Address,100,340,TRUE,1/13/2026 7:53,R_60pFHPbbCH20M6H,anonymous,EN,Accept,Every four years,eggplant,,,,,82,73,86,65,,,,,84,65,,,,,,,,,75,75,,,,,,,,,,,,,,,,,,,,,,,,,,,,,,,,,90,46,,,,,,,,,,,,,,,,,,,,,,,,,,,,,,,,,75,81,,,,,,,,,,,,,,,,,,,70,70,,,,,,,85,69,,,,,,,,,,,,,,,,,,,,,,,,,,,85,80,,,,,101,75,,,,,,,,,,,,,,,,,,,,,,,Male,41,"It's impossible to know the lifespan of someone just because of their age. We don't know their family history, lifestyle, etc. interesting study.",,,,1
1/13/2026 7:45,1/13/2026 7:53,IP Address,100,482,TRUE,1/13/2026 7:53,R_5WZ7GNpmpZyhvgv,anonymous,EN,Accept,Every four years,Eggplant,,,,,,,,,,,,,,,,,,,92,87,,,,,,,,,68,85,,,,,,,,,,,95,93,,,,,,,,,,,,,,,,,,,,,,,,,,,,,,,,,,,,,,,,,,,90,90,102,98,,,,,,,,,,,,,77,75,,,,,,,,,,,77,93,,,,,,,,,,,82,73,,,,,,,,,,,,,,,68,85,,,,,,,,,,,,,,,,,,,,,,,,,,,,,,,91,70,,,Female,52,na,,,,1
1/13/2026 7:52,1/13/2026 7:54,IP Address,100,114,TRUE,1/13/2026 7:54,R_1BObGfZjNaOkky5,anonymous,EN,Accept,Every four years,eggplant,,,,,,,,,,,,,,,,,85,51,,,102,51,,,,,,,,,,,,,85,51,85,51,,,,,102,51,,,,,,,,,,,,,,,,,,,,,,,,,,,,,,,,,,,,,,,85,51,,,,,,,,,,,,,,,,,,,,,,,,,,,,,,,,,,,,,85,51,,,,,,,,,,,,,,,,,,,,,,,,,,,85,51,,,,,,,,,,,,,,,,,,,,,85,51,93,51,,,Female,34,none,,,,1
1/13/2026 7:53,1/13/2026 7:54,IP Address,100,35,TRUE,1/13/2026 7:54,R_6Es3bPehGtWtkfB,anonymous,EN,Accept,Every two years,eggplant,,,,,,,,,,,,,,,,,,,,,,,,,,,,,,,,,,,,,,,,,,,,,,,,,,,,,,,,,,,,,,,,,,,,,,,,,,,,,,,,,,,,,,,,,,,,,,,,,,,,,,,,,,,,,,,,,,,,,,,,,,,,,,,,,,,,,,,,,,,,,,,,,,,,,,,,,,,,,,,,,,,,,,,,,,,,,,,,,,,,,,,
1/13/2026 7:48,1/13/2026 7:54,IP Address,100,370,TRUE,1/13/2026 7:54,R_3aSyzu5FpiWDxxD,anonymous,EN,Accept,Every four years,eggplant,,,,,,,,,,,,,,,,,,,,,,,75,75,,,,,,,,,,,,,,,,,,,,,,,,,,,,,,,,,,,85,100,85,100,,,,,,,,,,,80,100,,,80,100,80,100,,,,,,,,,,,,,,,,,,,,,,,,,,,95,50,,,,,70,65,,,,,,,,,,,,,,,,,,,,,,,,,,,,,,,,,,,,,,,,,,,,,75,100,,,,,,,75,100,,,,,,,,,Female,58,No comments.,,,,1
1/13/2026 7:50,1/13/2026 7:54,IP Address,100,255,TRUE,1/13/2026 7:54,R_3REyfuB68RVzLkB,anonymous,EN,Accept,Every four years,Eggplant,,,,,,,,,,,,,,,,,,,,,,,,,,,,,,,,,,,,,,,92,72,,,,,,,,,90,58,,,,,,,,,,,,,,,,,,,,,,,,,,,90,52,,,,,,,95,56,101,33,,,,,,,,,,,,,,,89,61,,,,,,,,,,,,,87,57,,,,,,,,,,,,,,,,,,,,,,,,,,,,,,,85,56,,,,,,,,,,,,,,,,,88,57,,,87,61,,,,,Male,46,No,,,,1
1/13/2026 7:50,1/13/2026 7:54,IP Address,100,266,TRUE,1/13/2026 7:54,R_7jZ3tmjtOVjouuz,anonymous,EN,Accept,Every four years,eggplant,,,,,,,,,,,,,,,,,,,,,,,,,,,,,,,,,,,76,38,,,,,,,,,,,,,,,,,80,30,,,,,,,,,,,,,,,,,,,,,79,26,,,,,,,,,,,,,,,,,,,,,,,,,79,7,,,,,93,4,,,,,,,,,,,,,,,75,18,81,6,,,94,14,,,,,,,,,,,,,,,,,,,,,,,104,21,79,41,,,,,,,,,,,,,,,,,,,,,Female,57,no,,,,1
1/13/2026 7:49,1/13/2026 7:54,IP Address,100,332,TRUE,1/13/2026 7:54,R_1xY7gXgOKX3iK16,anonymous,EN,Accept,Every four years,eggplant,,,,,,,,,,,,,,,,,,,,,,,78,35,,,,,78,78,,,,,80,75,,,,,95,85,,,,,,,,,,,,,,,,,82,75,,,,,,,,,80,90,,,,,,,,,,,,,,,,,,,76,30,,,,,,,,,75,35,,,,,85,29,,,,,,,,,,,,,,,,,,,,,,,,,,,,,,,,,,,,,,,,,80,75,,,,,,,,,,,,,,,,,,,,,,,,,,,,,Non-binary / third gender,32,Thank you for the opportunity! Good luck with your research!,,,,1
1/13/2026 7:52,1/13/2026 7:55,IP Address,100,181,TRUE,1/13/2026 7:55,R_6pVztzaK07rgxns,anonymous,EN,Accept,Every four years,Eggplant,90,70,,,,,,,,,,,,,,,,,,,,,,,,,,,,,,,,,,,,,,,,,100,81,,,,,,,,,80,78,,,89,61,,,,,,,,,,,75,77,,,,,,,,,,,,,93,69,,,,,,,,,,,80,67,,,,,,,,,,,,,,,,,,,84,81,,,,,,,,,,,,,,,,,90,80,,,,,,,,,,,,,,,,,,,,,,,,,,,,,,,90,79,,,,,,,,,,,Male,23,none,,,,1
1/13/2026 7:52,1/13/2026 7:55,IP Address,100,138,TRUE,1/13/2026 7:55,R_1GoDHSzJmzS0dIG,anonymous,EN,Accept,Every four years,eggplant,75,50,,,,,,,85,60,,,,,,,,,,,,,,,,,,,,,,,,,,,85,60,,,,,,,,,,,,,,,,,,,,,,,,,,,,,,,,,75,50,,,,,,,,,,,,,,,,,,,,,,,,,75,50,,,,,,,,,,,,,,,75,50,,,,,75,50,,,,,80,20,,,,,,,,,,,,,,,,,,,,,85,20,,,,,,,,,,,,,,,,,,,,,,,85,20,,,,,Male,44,I have no further comments.,,,,1
1/13/2026 7:51,1/13/2026 7:55,IP Address,100,221,TRUE,1/13/2026 7:55,R_5fVRoiHzhT6dvd8,anonymous,EN,Accept,Every four years,eggplant,,,,,,,82,29,,,88,73,,,,,,,,,,,,,,,,,,,,,,,,,,,,,,,,,,,,,,,,,,,82,86,,,,,,,,,,,,,,,,,,,,,,,,,,,,,,,103,64,,,,,,,,,,,,,,,,,87,40,,,,,,,,,,,,,76,81,,,,,,,,,,,,,,,,,,,78,62,,,82,51,,,,,,,93,51,,,,,,,,,,,78,100,,,,,,,,,,,,,Female,68,thank you,,,,1
1/13/2026 7:49,1/13/2026 7:55,IP Address,100,323,TRUE,1/13/2026 7:55,R_7pseqr64YRXGjwx,anonymous,EN,Accept,Every four years,eggplant,,,,,,,,,,,,,,,,,,,,,,,,,,,,,,,,,88,52,93,69,,,,,,,,,93,61,,,,,,,,,,,,,,,90,81,,,,,,,,,,,,,,,,,85,94,,,,,,,,,88,48,,,,,,,,,,,92,53,,,,,,,,,,,,,,,87,51,88,52,,,,,,,,,,,,,,,,,,,,,,,,,,,,,,,,,103,95,,,,,,,,,,,,,,,,,,,,,,,Female,47,none,,,,1
1/13/2026 7:53,1/13/2026 7:55,IP Address,100,158,TRUE,1/13/2026 7:55,R_5OlZhWhSrsDvd2F,anonymous,EN,Accept,Every four years,eggplant,,,,,,,,,,,83,32,,,87,60,86,73,92,71,,,,,,,,,,,,,84,58,,,,,,,,,,,,,,,,,,,,,,,85,82,,,,,,,,,,,,,,,,,,,,,,,,,,,,,,,,,,,,,,,,,,,,,,,,,,,,,,,,,,,76,63,,,,,,,,,,,,,,,,,,,,,77,73,,,79,82,,,,,84,63,,,,,,,,,,,,,,,,,,,,,,,,,,,Male,61,n/a,,,,1
1/13/2026 7:52,1/13/2026 7:56,IP Address,100,191,TRUE,1/13/2026 7:56,R_5FQVtHyTX589mzG,anonymous,EN,Accept,Every four years,eggplant,,,,,,,,,,,,,,,,,,,,,,,,,85,65,,,,,,,,,,,85,75,,,,,,,,,,,,,,,,,,,,,85,75,,,,,,,,,,,,,,,85,75,85,75,,,85,75,,,,,,,,,,,,,,,,,,,,,,,,,,,,,,,,,80,75,,,,,,,,,,,,,,,,,,,,,,,,,,,80,75,,,80,75,,,,,,,,,,,,,,,,,,,,,,,80,50,,,,,Male,41,N/A,,,,1
1/13/2026 7:51,1/13/2026 7:56,IP Address,100,306,TRUE,1/13/2026 7:56,R_7FcZ2VgUhFUm3iV,anonymous,EN,Accept,Every four years,Eggplant ,,,,,,,,,90,75,,,,,,,,,,,,,,,,,,,,,,,90,0,,,,,,,,,,,,,,,,,,,,,,,,,,,90,50,100,100,,,,,,,,,91,41,,,90,50,80,93,,,,,,,,,,,,,,,,,,,,,,,,,,,93,88,,,,,,,,,,,,,85,0,,,,,,,,,,,,,,,95,7,,,,,,,,,,,,,,,,,,,,,,,,,,,,,,,,,,,,,,,Female,50,None,,,,1
1/13/2026 7:52,1/13/2026 7:56,IP Address,100,202,TRUE,1/13/2026 7:56,R_5Ll5BNV05fmgyUV,anonymous,EN,Accept,Every four years,eggplant,,,,,,,,,,,,,,,,,,,,,,,,,,,,,,,,,,,,,,,,,,,,,,,,,48,48,,,,,,,,,,,92,81,,,,,,,,,82,82,,,88,32,,,,,,,,,,,,,,,90,90,,,,,,,,,,,,,,,,,,,,,82,82,,,,,,,86,43,,,,,,,100,69,,,,,,,94,32,,,,,,,,,,,,,,,,,,,49,49,,,,,,,,,,,,,,,,,,,Female,61,thanks,,,,1
1/13/2026 7:47,1/13/2026 7:56,IP Address,100,519,TRUE,1/13/2026 7:56,R_7DIobdxFoMA46k1,anonymous,EN,Accept,Every four years,eggplant,,,,,,,85,50,,,,,,,,,,,,,,,,,,,,,,,,,,,,,,,,,,,102,100,,,,,,,,,,,,,,,,,85,100,,,,,,,,,,,,,,,,,,,,,,,,,,,,,,,,,,,,,,,,,,,,,91,65,,,80,90,,,,,,,,,,,,,,,,,,,,,80,90,,,,,80,90,,,,,,,,,,,,,,,,,80,100,,,,,,,,,,,,,82,100,,,101,100,Female,37,nothing to share. ,,,,1
1/13/2026 7:53,1/13/2026 7:56,IP Address,100,186,TRUE,1/13/2026 7:56,R_1rchcJGqpGLtOw1,anonymous,EN,Accept,Every four years,Eggplant,,,,,,,,,,,,,,,,,,,95,30,,,,,,,,,,,,,,,,,,,,,,,,,,,,,,,,,,,,,,,,,90,100,,,,,,,80,85,,,,,,,80,90,,,,,90,100,,,,,,,,,,,,,,,,,,,,,,,,,,,,,,,,,75,53,,,,,,,,,,,,,,,,,,,,,,,,,,,80,89,,,,,,,,,,,,,75,79,75,81,,,,,,,,,90,100,,,,,Female,21,N/a,,,,1
1/13/2026 7:53,1/13/2026 7:56,IP Address,100,195,TRUE,1/13/2026 7:56,R_5R8nWrEkuwyqcQQ,anonymous,EN,Accept,Every four years,Eggplant ,,,,,,,,,,,,,,,,,85,70,,,,,,,70,65,,,80,66,,,,,,,,,,,,,,,,,,,,,,,,,,,,,,,,,,,,,,,,,,,,,,,,,80,96,,,,,,,,,,,,,,,,,,,,,,,,,,,,,,,,,,,,,,,,,75,60,,,,,90,66,,,105,89,,,,,,,,,,,,,,,,,,,95,85,,,70,82,,,,,,,80,90,,,,,,,,,,,,,Male,40,n/a,,,,1
1/13/2026 7:54,1/13/2026 7:56,IP Address,100,147,TRUE,1/13/2026 7:56,R_70Zaeq5R1Z7g5Tr,anonymous,EN,Accept,Every four years,eggplant,,,,,,,,,,,,,,,,,,,,,,,,,,,,,,,89,58,,,,,,,,,,,,,,,,,,,,,,,,,,,,,,,,,100,61,,,,,,,,,,,,,90,59,,,,,98,51,,,,,,,,,,,,,,,,,,,,,,,,,78,49,,,,,,,,,,,90,90,,,,,,,,,,,,,,,92,92,,,,,92,51,,,,,100,51,,,,,,,,,,,89,51,,,,,,,,,,,,,Female,59,Thank You,,,,1
1/13/2026 7:52,1/13/2026 7:56,IP Address,100,244,TRUE,1/13/2026 7:56,R_73WaxG1mBHB75kO,anonymous,EN,Accept,Every four years,Eggplant,78,20,,,,,,,,,,,,,,,,,,,,,,,79,59,,,,,,,,,,,81,80,,,,,,,,,70,77,,,,,,,,,,,,,,,,,,,80,15,80,35,,,,,,,,,,,,,,,,,,,,,,,,,75,75,,,,,,,,,,,,,,,,,,,,,,,,,,,,,,,,,96,84,,,,,,,,,,,,,,,,,79,84,,,,,,,,,,,,,,,83,70,,,,,,,,,,,,,Male,35,N/a,,,,1
1/13/2026 7:52,1/13/2026 7:57,IP Address,100,298,TRUE,1/13/2026 7:57,R_5R2yognQuFQzOAn,anonymous,EN,Accept,Every four years,eggplant,,,,,,,,,,,,,,,86,80,,,,,,,,,,,,,,,,,,,77,65,,,,,,,101,90,,,,,,,,,,,,,,,,,,,,,,,,,,,88,100,80,100,,,,,,,,,,,,,,,85,75,,,,,,,90,60,83,50,,,,,,,,,,,,,,,,,,,,,,,,,,,,,,,,,,,,,,,,,,,,,,,,,,,,,,,,,,,78,100,,,,,,,,,,,84,100,,,,,Male,36,Thank you!,,,,1
1/13/2026 7:54,1/13/2026 7:57,IP Address,100,167,TRUE,1/13/2026 7:57,R_71jmey1L4sPILwS,anonymous,EN,Accept,Every four years,Eggplant,,,,,,,,,,,,,87,64,,,,,,,,,,,98,44,,,92,51,,,,,,,,,,,,,,,,,,,,,,,91,47,,,,,,,,,,,,,,,,,,,,,,,,,87,56,,,,,,,,,,,,,,,,,,,87,57,,,98,54,,,,,,,,,,,,,,,,,,,,,,,,,,,,,,,,,,,,,,,,,,,,,,,,,,,98,60,,,87,60,,,,,,,87,53,,,,,,,,,Male,46,This was stupid! How am I supposed to know when someone is going to die just based on age and gender?,,,,1
1/13/2026 7:53,1/13/2026 7:57,IP Address,100,250,TRUE,1/13/2026 7:57,R_7k5J4BuyFlCudOq,anonymous,EN,Accept,Every four years,eggplant,,,86,18,,,,,,,,,76,61,,,,,91,29,,,,,,,,,,,,,,,,,,,,,,,102,61,,,,,,,,,86,71,,,,,,,,,,,,,,,,,85,61,,,,,,,,,,,,,,,,,,,,,,,,,,,,,,,,,,,,,,,,,,,,,,,,,,,,,,,,,,,,,,,,,,,,,,,,,,,,,,,,,104,73,,,80,62,,,79,61,,,,,,,,,,,94,81,,,Female,21,no comment,,,,1
1/13/2026 7:52,1/13/2026 7:58,IP Address,100,334,TRUE,1/13/2026 7:58,R_1kBcWZxaJLSWAdu,anonymous,EN,Accept,Every four years,eggplant,,,,,,,,,,,80,10,,,,,,,,,,,77,40,,,,,,,,,,,,,,,,,,,,,,,,,,,,,,,,,,,,,,,95,100,,,,,,,,,,,,,,,,,,,,,,,,,,,,,,,,,,,75,3,,,,,,,,,,,,,65,40,,,,,,,,,,,,,,,95,100,,,,,65,70,75,90,,,,,,,75,95,,,,,,,,,,,,,,,,,,,,,75,100,,,,,,,,,Female,42,N/A,,,,1
1/13/2026 7:55,1/13/2026 7:58,IP Address,100,158,TRUE,1/13/2026 7:58,R_3nMDOJZbQyVKkQ0,anonymous,EN,Accept,Every four years,eggplant,,,,,,,,,,,,,,,,,,,,,,,,,,,,,,,85,55,,,,,,,,,,,,,,,92,94,,,,,,,,,87,60,,,,,,,104,91,,,,,,,,,,,,,,,88,96,,,,,,,,,,,,,,,,,,,,,83,27,87,67,,,,,83,75,,,,,,,,,,,,,,,,,,,,,,,,,,,,,,,,,,,,,,,,,,,76,79,,,,,,,75,76,,,,,,,,,,,,,Female,32,n/a,,,,1
1/13/2026 7:55,1/13/2026 7:59,IP Address,100,219,TRUE,1/13/2026 7:59,R_6NCDAkj1vj6nkqA,anonymous,EN,Accept,Every four years,eggplant,,,,,,,,,,,,,,,,,,,,,,,,,,,,,,,,,,,,,,,,,,,,,,,,,80,60,,,,,,,,,80,90,,,,,102,95,,,,,,,,,75,80,,,,,,,,,,,,,,,,,,,,,,,,,,,,,,,,,,,,,,,,,,,75,50,,,,,,,,,,,,,,,,,,,,,75,70,70,75,,,,,85,97,,,,,,,,,,,,,,,,,73,90,,,85,97,,,,,Female,28,n/a,,,,1
1/13/2026 7:54,1/13/2026 7:59,IP Address,100,354,TRUE,1/13/2026 7:59,R_6LTfiwsvDZSPjd3,anonymous,EN,Accept,Every four years,zucchini,,,,,,,,,,,,,90,91,,,,,,,,,,,,,,,,,,,,,,,,,,,,,,,,,,,,,40,81,,,,,,,,,,,97,60,,,65,91,,,,,,,,,,,,,,,,,,,,,,,,,,,,,,,75,70,75,80,,,,,,,,,,,75,61,,,,,,,67,71,,,,,85,60,,,,,,,,,,,,,,,,,,,,,,,,,102,91,,,,,,,,,,,,,,,,,,,,,,,Female,61,no,,,,1
1/13/2026 7:55,1/13/2026 7:59,IP Address,100,268,TRUE,1/13/2026 7:59,R_3o539IO4ohmilUU,anonymous,EN,Accept,Every four years,Eggplant,,,,,,,,,,,72,40,,,,,,,95,80,,,,,,,,,,,,,,,,,,,,,,,,,75,45,,,75,65,75,65,,,,,,,,,,,,,,,,,,,70,75,,,,,,,,,78,95,,,,,,,,,,,,,,,,,,,,,,,,,,,,,,,,,,,,,,,,,,,78,70,,,,,,,75,75,,,,,,,,,,,,,,,,,,,,,,,,,,,,,75,70,,,,,,,,,,,,,Male,37,"Overall hard to really gauge & estimate; I overall went with the mindset of females generally living longer, but also kept my own parents in mind who had passed in their early to mid 70s. ",,,,1
1/13/2026 7:55,1/13/2026 7:59,IP Address,100,288,TRUE,1/13/2026 7:59,R_3knq33zgsmYJnpt,anonymous,EN,Accept,Every four years,Eggplant,,,,,,,,,,,,,,,,,,,,,100,100,,,,,,,,,,,,,,,,,,,94,100,,,,,,,59,40,,,,,,,,,,,,,,,,,,,,,,,,,,,,,,,75,100,,,,,,,,,,,,,,,,,,,,,,,84,70,,,101,100,,,,,,,,,,,67,50,,,,,,,,,,,,,,,,,,,,,,,65,70,,,,,,,,,,,,,,,,,60,100,,,72,100,,,,,,,,,Male,41,N/A,,,,1
1/13/2026 7:57,1/13/2026 8:00,IP Address,100,169,TRUE,1/13/2026 8:00,R_71bO2tVLJWCjwUW,anonymous,EN,Accept,Every four years,eggplant,,,,,,,,,,,,,,,,,,,,,100,51,,,,,,,,,,,100,51,,,,,,,,,,,,,,,,,,,,,,,,,,,,,100,51,,,,,,,,,,,,,,,100,52,,,,,,,,,,,,,100,51,,,,,,,,,,,,,,,,,,,,,,,,,,,,,,,100,51,,,95,51,,,,,,,,,,,,,,,,,95,51,,,,,,,,,,,95,51,,,,,,,,,,,95,51,,,,,Female,35,thank you,,,,1
1/13/2026 7:54,1/13/2026 8:00,IP Address,100,366,TRUE,1/13/2026 8:00,R_3CPkZKDyHrcRezm,anonymous,EN,Accept,Every four years,eggplant,,,,,81,62,,,,,,,,,86,69,,,,,,,80,71,,,,,,,82,45,,,,,,,,,,,,,,,,,,,,,,,,,,,,,,,,,,,,,,,,,,,,,,,,,,,,,,,,,,,,,76,68,,,82,45,,,,,,,,,95,63,,,,,75,65,,,,,,,,,,,,,,,,,,,,,,,75,58,,,,,,,,,,,,,,,,,,,,,,,,,,,,,,,,,,,94,61,,,Female,36,no comments,,,,1
1/13/2026 7:56,1/13/2026 8:00,IP Address,100,266,TRUE,1/13/2026 8:00,R_17098YR3eLjW1Fv,anonymous,EN,Accept,Every four years,eggplant,,,,,,,,,,,75,85,,,,,,,,,,,,,,,,,,,,,,,,,,,,,,,,,80,90,,,,,,,75,75,,,,,,,,,,,,,,,,,,,76,85,,,,,,,,,,,95,30,,,,,,,,,,,,,,,,,,,,,,,,,,,,,75,86,,,,,70,90,,,,,,,,,102,5,,,,,,,,,,,,,,,85,65,,,,,,,,,,,,,,,,,,,,,,,,,95,30,,,Male,46,None given.,,,,1
1/13/2026 7:51,1/13/2026 8:00,IP Address,100,555,TRUE,1/13/2026 8:00,R_5paKi07CKi8nD2M,anonymous,EN,Accept,Every four years,Eggplant,,,,,,,,,,,,,,,,,,,,,105,100,,,80,11,,,,,,,,,,,,,,,,,,,,,,,,,,,,,,,,,,,,,,,,,,,75,12,,,,,,,,,,,,,,,,,105,100,,,,,,,,,,,70,84,,,,,,,,,,,75,6,,,,,,,,,,,85,5,85,3,,,,,,,,,,,,,,,,,,,,,,,,,,,,,,,,,,,,,80,12,,,,,80,93,,,,,,,Female,43,N/A,,,,1
1/13/2026 7:49,1/13/2026 8:01,IP Address,100,684,TRUE,1/13/2026 8:01,R_3zHoQ0iP7jROpO7,anonymous,EN,Accept,Every four years,eggplant,,,,,,,,,,,,,,,82,63,,,,,,,80,14,,,,,,,82,18,,,,,,,,,95,74,,,,,,,,,,,,,,,,,,,,,,,,,,,,,,,,,,,,,,,,,,,,,103,97,,,,,,,,,,,,,,,,,85,7,,,,,,,79,9,78,22,,,,,,,,,,,,,,,,,,,,,,,,,,,80,32,,,81,60,,,,,,,,,,,,,,,,,,,,,,,,,,,,,Male,47,No issues.,,,,1
1/13/2026 7:58,1/13/2026 8:01,IP Address,100,149,TRUE,1/13/2026 8:01,R_56l6CdY3UtyL4ca,anonymous,EN,Accept,Every four years,eggplant,,,,,,,,,,,,,,,,,,,,,,,,,,,75,37,79,79,,,80,84,,,,,,,,,,,,,,,,,,,,,,,,,,,,,,,,,,,,,,,,,,,75,92,,,,,85,93,,,,,,,,,,,70,32,,,,,,,,,,,,,,,,,,,,,75,80,75,71,,,,,,,,,,,,,,,,,,,,,,,,,,,,,,,,,105,71,,,,,,,75,78,,,,,,,,,,,,,,,Female,61,none,,,,1
1/13/2026 7:56,1/13/2026 8:01,IP Address,100,273,TRUE,1/13/2026 8:01,R_3uPw1bFGiKDFKYV,anonymous,EN,Accept,Every four years,eggplant,80,1,,,,,77,2,,,,,,,,,,,,,105,15,,,,,,,,,72,20,,,,,,,,,,,,,,,,,,,,,,,,,,,,,,,,,,,,,74,80,,,,,,,,,,,,,,,,,,,,,,,,,,,,,72,2,,,,,,,,,103,15,,,,,,,,,,,,,72,30,,,,,,,103,86,,,,,,,,,,,,,75,39,,,,,,,,,,,,,,,,,,,,,,,,,,,,,,,Male,40,n/a,,,,1
1/13/2026 7:58,1/13/2026 8:01,IP Address,100,161,TRUE,1/13/2026 8:01,R_71TQhIqS6uGTbeN,anonymous,EN,Accept,Every four years,eggplant,,,,,,,76,30,,,,,78,6,,,,,,,102,63,,,,,,,,,,,,,,,82,28,,,,,,,86,58,,,,,,,,,,,,,,,,,,,,,,,,,,,,,,,,,,,,,,,,,,,,,,,,,,,,,,,,,,,,,,,,,86,30,,,,,87,42,,,,,,,,,,,97,69,,,,,,,,,,,,,,,,,,,,,,,,,84,32,78,82,,,,,,,,,,,,,,,,,,,Female,54,none,,,,1
1/13/2026 7:52,1/13/2026 8:01,IP Address,100,558,TRUE,1/13/2026 8:01,R_71FXMNAwHRqUycx,anonymous,EN,Accept,Every four years,eggplant,,,,,,,74,46,,,,,,,,,,,,,,,,,,,64,40,,,86,60,,,,,,,90,72,,,,,,,,,,,,,,,,,,,,,,,,,,,,,,,,,,,,,,,,,,,,,,,103,100,,,,,,,,,,,,,86,10,,,,,,,102,81,,,,,82,19,,,,,,,,,,,,,,,,,,,,,,,,,,,,,,,,,,,,,,,,,,,,,,,80,82,,,,,,,,,96,100,,,Female,35,None. Thank you for your time.,,,,1
1/13/2026 7:56,1/13/2026 8:01,IP Address,100,305,TRUE,1/13/2026 8:01,R_5IiJQVVBiWK1s9H,anonymous,EN,Accept,Every four years,eggplant,,,,,72,0,,,65,0,,,,,,,,,,,,,,,,,,,,,,,,,,,,,,,,,,,,,66,0,,,,,,,,,,,75,23,,,91,6,,,,,,,,,,,,,,,,,,,,,,,101,1,,,,,,,,,,,,,,,,,,,,,,,,,75,0,,,,,,,,,,,,,82,0,91,0,,,,,,,,,,,,,,,,,72,11,,,,,,,,,,,,,,,,,,,,,,,,,,,,,Female,59,nne,,,,1
1/13/2026 7:58,1/13/2026 8:02,IP Address,100,188,TRUE,1/13/2026 8:02,R_72R68mDJyi1AR1Y,anonymous,EN,Accept,Every four years,eggplant,,,,,,,,,,,,,,,,,,,,,,,,,,,,,,,,,,,,,78,90,,,92,95,,,,,,,,,,,,,,,,,,,,,,,,,,,82,90,,,,,,,,,,,89,95,,,,,,,75,80,,,,,,,,,75,80,,,,,,,,,,,,,,,,,,,,,,,,,,,,,,,,,,,,,,,75,95,,,,,,,,,84,92,,,,,,,,,,,,,,,,,75,90,,,84,90,,,,,Male,42,no comments,,,,1
1/13/2026 7:58,1/13/2026 8:02,IP Address,100,259,TRUE,1/13/2026 8:02,R_60dERYEh0vNlOZK,anonymous,EN,Accept,Every four years,eggplant,,,,,,,,,,,,,,,,,104,1,,,,,,,77,18,,,,,,,,,77,42,,,,,,,,,,,,,74,63,,,,,,,,,,,,,,,,,,,,,,,,,,,,,,,,,,,,,,,,,74,2,,,,,,,,,,,,,,,102,2,,,,,,,,,74,25,,,,,,,,,,,,,,,,,73,58,,,,,,,,,,,,,,,,,,,,,,,,,,,,,,,,,102,86,,,102,34,,,Male,56,Thank You.,,,,1
1/13/2026 7:59,1/13/2026 8:03,IP Address,100,238,TRUE,1/13/2026 8:03,R_5Yg0mFiBSgbepF0,anonymous,EN,Accept,Every four years,eggplant,,,,,,,70,70,,,,,,,,,,,,,,,,,,,,,,,,,,,,,,,,,,,,,,,,,70,81,,,,,,,,,,,,,,,,,,,,,,,,,,,,,80,81,,,,,,,101,98,80,85,,,,,,,,,,,,,85,93,,,95,94,,,,,,,,,,,,,,,,,,,,,,,,,75,80,78,91,,,,,,,,,,,,,,,,,,,,,,,,,75,80,,,,,,,,,,,,,,,Female,37,"none, tysm!",,,,1
1/13/2026 8:01,1/13/2026 8:03,IP Address,100,126,TRUE,1/13/2026 8:03,R_3fnHHkANLckH5V7,anonymous,EN,Accept,Every four years,Eggplant,,,80,90,,,,,,,,,,,,,,,,,,,,,,,,,,,,,,,,,,,,,,,,,,,,,,,75,80,,,,,,,,,,,,,,,85,88,,,75,90,,,,,,,,,85,90,,,,,,,,,,,,,,,,,,,,,,,,,94,92,,,,,,,,,,,,,,,,,,,,,,,105,91,,,,,75,91,,,,,,,,,,,,,,,105,90,,,,,80,90,,,,,,,,,,,,,,,,,Female,44,Nothing to add,,,,1
1/13/2026 7:55,1/13/2026 8:03,IP Address,100,520,TRUE,1/13/2026 8:03,R_3zkDdGWJzEgfCUC,anonymous,EN,Accept,Every four years,Eggplant ,,,,,,,,,,,,,,,85,15,,,,,,,,,,,,,84,83,,,,,,,,,,,,,,,,,,,,,,,,,,,,,,,,,,,,,,,,,80,66,82,75,,,,,,,,,,,,,,,,,,,,,,,,,,,,,,,,,,,101,35,80,80,,,,,,,,,,,72,57,,,,,,,,,,,,,,,45,60,,,,,,,,,,,93,30,,,,,65,70,,,,,,,,,,,,,,,,,,,Male,20,I don't have any comments.,,,,1
1/13/2026 7:58,1/13/2026 8:03,IP Address,100,311,TRUE,1/13/2026 8:03,R_5p0hSuk9LAjMqgs,anonymous,EN,Accept,Every four years,zuchinni,,,,,25,68,,,,,,,,,,,,,,,,,,,,,,,,,,,75,70,,,,,,,,,,,,,,,,,,,,,,,,,,,,,92,53,,,,,,,,,,,,,77,88,,,78,93,,,,,,,,,,,,,,,,,,,,,,,,,,,,,,,,,,,,,,,,,,,,,,,,,,,,,,,65,77,,,,,,,,,,,,,,,,,55,68,,,,,,,67,63,70,87,,,,,,,,,115,63,Male,55,no comments,,,,1
1/13/2026 8:00,1/13/2026 8:04,IP Address,100,243,TRUE,1/13/2026 8:04,R_7fa9XUnLuTrRKmR,anonymous,EN,Accept,Every four years,Eggplant,,,,,,,,,,,,,,,,,,,,,,,,,,,,,,,,,,,,,,,,,,,,,88,100,92,100,,,,,,,,,,,,,,,96,100,,,,,,,,,,,,,,,,,,,,,,,,,,,,,,,,,,,,,78,75,81,73,,,,,,,82,75,,,,,,,,,,,,,,,,,,,,,,,,,,,,,,,,,,,,,,,94,100,,,80,100,85,100,,,,,,,85,100,,,,,,,,,,,Female,30,None,,,,1
1/13/2026 7:58,1/13/2026 8:05,IP Address,100,396,TRUE,1/13/2026 8:05,R_6I3BBgG4eZPiDTz,anonymous,EN,Accept,Every four years,Eggplant ,,,,,,,,,,,,,,,,,,,,,,,,,,,,,,,,,,,92,0,,,,,,,,,,,,,82,0,,,,,90,0,,,,,,,,,,,,,,,,,,,,,,,90,0,,,,,,,,,65,0,,,75,0,,,,,,,,,87,0,,,,,,,,,,,,,,,,,,,,,,,,,95,0,,,,,,,,,,,,,85,0,,,87,0,,,,,,,,,,,,,,,,,,,,,,,,,,,,,Female,52,Very interesting survey,,,,1
1/13/2026 8:01,1/13/2026 8:06,IP Address,100,262,TRUE,1/13/2026 8:06,R_5CRG8bjbhJ867oR,anonymous,EN,Accept,Every four years,eggplant,,,,,,,,,,,,,,,,,,,,,,,95,100,,,,,,,,,95,92,,,,,,,,,,,,,,,,,,,,,,,95,91,,,,,,,,,,,,,,,,,,,,,,,,,95,100,,,107,90,,,,,,,,,,,81,100,,,,,,,,,102,100,,,,,,,,,,,,,,,,,,,,,,,,,94,92,,,,,,,,,,,,,,,95,100,,,,,,,91,100,,,,,,,,,,,,,,,,,Female,52,no,,,,1
1/13/2026 8:05,1/13/2026 8:06,IP Address,100,94,TRUE,1/13/2026 8:06,R_5O3splx8wSFVDVv,anonymous,EN,Accept,Every four years,Eggplant,,,,,,,,,,,,,,,,,,,,,,,,,,,,,,,,,77,73,,,83,71,,,,,102,64,,,,,,,,,,,73,78,,,,,,,,,,,,,,,,,,,,,,,,,,,82,86,,,,,,,,,,,,,,,,,,,,,,,,,,,,,,,,,88,86,,,,,,,,,81,65,,,,,,,,,,,75,77,,,,,,,,,,,,,,,,,,,77,77,,,,,,,,,,,82,74,,,,,Male,28,None,,,,1
1/13/2026 8:04,1/13/2026 8:07,IP Address,100,170,TRUE,1/13/2026 8:07,R_7tM8JyLqCDDnGYr,anonymous,EN,Accept,Every four years,zuchinni,,,,,,,,,,,,,,,,,,,,,101,71,,,81,83,78,74,,,78,59,,,,,,,,,,,,,,,81,81,,,,,,,,,,,,,,,,,100,91,75,95,,,,,,,,,,,81,61,,,,,,,,,,,,,,,,,,,,,,,,,,,,,,,,,81,77,71,33,,,,,,,,,,,,,,,,,,,,,,,,,,,,,,,,,,,,,,,,,,,,,,,,,,,,,,,,,,,,,Male,57,thanks,,,,1
1/13/2026 8:06,1/13/2026 8:08,IP Address,100,118,TRUE,1/13/2026 8:08,R_1FLIctYOqSvR4Tg,anonymous,EN,Accept,Every four years,eggplant,,,,,,,,,,,,,,,,,,,,,,,,,70,1,,,,,,,,,,,,,,,95,13,100,73,,,,,75,30,,,,,,,,,,,,,,,,,,,,,,,,,,,,,,,,,,,,,,,,,,,,,,,,,,,,,,,,,,,100,3,,,,,72,5,,,,,,,,,,,,,,,,,,,,,,,,,,,,,,,,,,,,,,,,,,,75,87,,,,,,,,,75,98,85,87,95,100,,,Female,37,n/a,,,,1
1/13/2026 7:54,1/13/2026 8:08,IP Address,100,807,TRUE,1/13/2026 8:08,R_7TQRaH1op0x9xuB,anonymous,EN,Accept,Every four years,eggplant,,,,,,,72,77,,,,,,,,,90,15,,,,,,,,,,,,,,,,,,,,,,,,,,,,,85,50,,,68,35,,,,,,,,,,,,,,,60,16,,,,,,,,,,,85,71,,,,,,,,,,,,,78,60,,,,,,,,,,,,,,,,,,,,,,,,,,,82,35,,,74,40,,,,,,,,,,,,,,,,,,,,,,,,,,,,,,,,,70,86,,,,,,,,,,,,,,,,,Male,44,no comment,,,,1
1/13/2026 8:06,1/13/2026 8:09,IP Address,100,173,TRUE,1/13/2026 8:09,R_7gINiyqqAHl5UPt,anonymous,EN,Accept,Every four years,Eggplant,,,,,90,0,,,,,,,,,,,,,,,,,80,9,,,85,30,,,,,80,30,80,40,,,,,,,,,,,,,,,,,,,,,,,,,,,95,100,,,,,,,,,,,,,,,,,,,,,,,,,,,,,,,,,80,0,,,,,,,,,,,,,,,,,,,,,,,85,10,,,,,,,95,100,,,75,60,,,,,,,,,,,,,,,,,,,,,,,,,,,,,,,,,,,,,,,,,,,Male,21,"no
",,,,1
1/13/2026 8:06,1/13/2026 8:09,IP Address,100,233,TRUE,1/13/2026 8:10,R_7PuDmBmWqvCm1Nu,anonymous,EN,Accept,Every four years,eggplant,,,,,,,,,,,,,80,100,,,,,,,,,80,100,,,,,,,,,,,,,80,100,,,,,,,80,100,,,,,,,,,,,,,,,,,,,,,,,,,,,,,80,100,80,100,,,80,100,,,,,,,,,,,,,50,71,,,,,,,,,,,,,,,,,,,,,80,100,,,,,,,80,100,,,,,,,,,,,,,,,,,,,,,,,,,,,,,,,,,,,,,,,,,,,,,,,,,,,Male,54,no comments,,,,1
1/13/2026 8:07,1/13/2026 8:11,IP Address,100,272,TRUE,1/13/2026 8:11,R_6mKPBAPLR4tFvuH,anonymous,EN,Accept,Every four years,eggplant,,,,,,,,,,,,,,,,,,,,,,,,,,,,,,,,,,,,,,,,,,,,,,,,,,,85,49,,,89,42,,,,,,,,,,,,,,,,,,,,,,,,,,,,,,,102,100,,,75,0,,,,,,,,,,,,,,,92,38,,,,,,,,,,,,,,,,,,,86,17,,,,,,,68,25,,,,,,,,,,,,,83,85,,,101,100,,,,,75,81,,,,,,,,,,,,,,,,,Male,50,none,,,,1
1/13/2026 8:04,1/13/2026 8:12,IP Address,100,468,TRUE,1/13/2026 8:12,R_72RSAzjosC4eLjH,anonymous,EN,Accept,Every four years,Eggplant,68,0,,,,,,,,,,,,,,,,,97,0,,,,,,,,,,,,,,,,,,,,,,,,,,,,,,,75,50,,,,,80,25,,,,,,,105,25,,,,,,,,,,,80,50,,,,,,,,,,,,,,,,,,,,,,,,,,,,,,,,,,,,,,,,,,,,,,,85,10,,,,,105,50,,,,,,,,,,,,,,,,,,,,,,,,,70,75,,,66,91,,,,,,,,,,,,,,,Male,57,none,,,,1
1/13/2026 8:09,1/13/2026 8:12,IP Address,100,189,TRUE,1/13/2026 8:12,R_6DdKGmFhJDHqPw4,anonymous,EN,Accept,Every four years,eggplant,,,,,,,,,,,,,,,,,,,,,,,75,0,,,,,75,9,75,29,,,,,,,,,,,101,99,,,,,,,,,75,39,,,,,75,61,,,,,,,,,,,,,,,,,,,72,75,,,,,,,,,,,,,,,,,,,,,,,,,,,,,,,,,,,,,,,,,,,,,,,,,,,,,,,,,,,,,,,,,75,61,,,,,,,,,,,75,5,,,,,,,75,77,,,,,,,,,,,Male,48,na,,,,1
1/13/2026 8:09,1/13/2026 8:13,IP Address,100,206,TRUE,1/13/2026 8:13,R_6maeF7LREylfVJj,anonymous,EN,Accept,Every four years,Eggplant,80,28,,,,,,,,,,,,,87,45,,,,,,,,,,,,,,,,,,,,,87,57,,,,,,,,,,,,,,,,,,,82,79,,,,,,,,,,,,,,,,,85,75,,,82,74,,,,,,,,,,,,,,,,,,,,,,,,,,,,,103,27,,,,,,,,,,,,,,,,,,,,,,,88,69,,,,,85,68,,,,,,,,,,,,,103,61,,,,,,,,,,,,,,,,,,,,,,,Female,45,"No comments, thank you!",,,,1
1/13/2026 8:11,1/13/2026 8:15,IP Address,100,241,TRUE,1/13/2026 8:15,R_3h3dC7hL5vMf1Ya,anonymous,EN,Accept,Every four years,eggplant,,,,,,,,,,,,,67,15,,,,,,,,,,,,,,,64,38,,,,,74,70,,,91,89,,,,,,,83,81,,,,,,,,,,,,,,,,,,,,,,,,,,,89,75,,,,,76,96,,,,,,,,,,,,,,,79,33,,,,,,,,,,,101,64,,,,,,,,,,,,,,,,,,,,,,,,,,,,,,,,,,,,,,,,,,,,,,,,,,,68,72,,,,,,,,,,,,,,,Female,42,I didn't have any technical issues,,,,1
1/13/2026 8:14,1/13/2026 8:17,IP Address,100,140,TRUE,1/13/2026 8:17,R_1Gm2SV8xBLvu8eJ,anonymous,EN,Accept,Every four years,eggplant,,,78,21,55,21,,,80,37,,,,,,,,,,,,,,,80,56,,,65,61,,,,,,,,,,,,,,,,,,,,,,,,,82,84,,,,,,,,,102,87,,,,,,,,,,,,,,,,,,,,,,,,,,,,,,,,,,,,,,,,,,,,,,,,,67,45,,,,,,,75,65,,,,,,,,,,,,,,,,,,,,,,,,,88,74,,,,,,,,,,,,,,,,,,,,,,,,,,,Female,21,none,,,,1
1/13/2026 8:12,1/13/2026 8:22,IP Address,100,571,TRUE,1/13/2026 8:22,R_62q2xVxI9lOdaJH,anonymous,EN,Accept,Every four years,eggplant,,,,,,,,,,,,,,,,,,,,,,,,,,,,,,,,,,,,,,,,,,,,,,,,,,,,,,,,,,,,,,,,,,,,,,,,,,,89,100,,,,,,,,,,,,,,,,,,,,,,,,,,,,,,,,,,,79,84,,,82,59,86,81,85,91,89,64,,,,,,,,,,,79,100,,,,,,,,,,,83,93,,,,,,,,,,,,,80,100,,,,,,,,,88,100,,,,,,,Male,42,Thank you so much for having me. This was such a fun and interesting survey. I honestly wish I got more like these. Thanks again and good luck with the study. Best wishes,,,,1
1/13/2026 7:40,1/13/2026 7:42,IP Address,14,112,FALSE,1/13/2026 8:42,R_7JKhpeknVcOPbNz,anonymous,EN,Accept,,,,,,,,,,,,,,,,,,,,,,,,,,,,,,,,,,,,,,,,,,,,,,,,,,,,,,,,,,,,,,,,,,,,,,,,,,,,,,,,,,,,,,,,,,,,,,,,,,,,,,,,,,,,,,,,,,,,,,,,,,,,,,,,,,,,,,,,,,,,,,,,,,,,,,,,,,,,,,,,,,,,,,,,,,,,,,,,,,,,,,,,,
1/13/2026 7:49,1/13/2026 7:50,IP Address,50,58,FALSE,1/13/2026 8:50,R_1iotssW2c3MtiPT,anonymous,EN,Accept,Every four years,Eggplant,,,,,,,,,,,,,,,,,,,,,,,,,,,,,,,,,,,,,,,,,,,,,,,,,,,,,,,,,,,,,,,,,,,,,,,,,,,,,,,,,,,,,,,,,,,,,,,,,,,,,,,85,50,,,,,,,,,,,,,,,,,,,,,,,,,,,,,,,,,,,,,,,,,,,,,,,,,,,,,,,,,,,,,,,,,,,,,,,,,,,,,,,1
1/13/2026 7:51,1/13/2026 7:52,IP Address,50,41,FALSE,1/13/2026 8:52,R_3qji9hmY9bg54Ah,anonymous,EN,Accept,Every four years,eggplant,,,,,,,,,,,,,,,,,,,,,,,,,,,,,,,,,,,,,,,,,,,,,,,,,,,,,,,,,,,,,,,,,,,82,100,,,,,,,,,,,,,,,,,,,,,,,,,,,,,,,,,,,,,,,,,,,,,,,,,,,,,,,,,,,,,,,,,,,,,,,,,,,,,,,,,,,,,,,,,,,,,,,,,,,,,,,,,,,,,,,,,,,1
1/13/2026 7:49,1/13/2026 7:52,IP Address,50,203,FALSE,1/13/2026 8:53,R_1fxts3T3J5MJlwO,anonymous,EN,Accept,Every four years,Eggplant,,,,,,,,,,,,,,,,,,,,,,,,,,,,,,,,,,,78,64,,,,,,,,,,,,,,,65,17,,,,,,,,,,,,,,,,,25,70,,,,,,,,,,,,,,,,,,,,,,,,,,,,,,,,,,,,,,,,,,,,,,,,,,,,,,,,,,,,,,,,,,,,,,,,,,,,,,,,,,,,,,,,,,,,,,,,,,,,,,,,,,,,,,,,,1
1/13/2026 7:53,1/13/2026 8:02,IP Address,50,517,FALSE,1/13/2026 9:02,R_5ZV09KYwcZcCFLV,anonymous,EN,Accept,Every four years,egg plant,,,,,,,,,,,,,,,,,,,,,,,,,,,,,,,,,,,,,,,,,,,,,,,,,,,,,,,,,,,,,,,,,,,,,,,,,,,,,,,,,,,,,,,,,,,,,,,,,,,,,,,,,,,,,,,,,,,,,,,,,,,,,,,,,,,,,,,,,,,,,,,,,,,,,,,,,,,,,,,,,,,,,,,,,,,,,,,,,,,,,,,1
1/13/2026 8:02,1/13/2026 8:04,IP Address,50,144,FALSE,1/13/2026 9:05,R_1uypJC6OUorf0T7,anonymous,EN,Accept,Every four years,eggplant,,,,,,,,,,,,,,,,,,,,,,,,,,,76,65,,,,,,,,,,,,,,,,,,,,,,,,,,,,,,,,,,,,,,,,,,,,,,,,,,,,,,,,,,,,,,,,,,,,,,,,,,,,,,,,,,,,,,,,,,,,,,,,,,,,,,,,,,,,,,,,,,,,,,,,,,,,,,,,,,,,,,,,,,,,,,,,,,,,,,,,,,,1
